mongo_id,user_id,merchant_id,currency,transaction_type,component,amount,signed_amount,balance_before,balance_after,deductible_balance,source_type,source_id,description,metadata,target_entity_id,expiry_date,created_by,dedup_key,mongo_id_ledger,created_at,reason
6563f123ffd7efcec974f172,14d69324-43b1-4968-ac10-6d036faa3eb6,7522af2c-a7f6-4ab8-8493-6875a3b19544,points,earn,base,400,400,400,400,400,manual,,Legacy wallet balance,"{""backfill"": ""jorakay_wallet_lot_drift_20260912"", ""reason"": ""orphan_wallet_no_points_ledger""}",,,14d69324-43b1-4968-ac10-6d036faa3eb6,jorakay-orphan-6563f123ffd7efcec974f172,,2026-06-15T00:00:00+00:00,orphan_wallet_no_points_ledger
65b1be9912e71882a7271072,242404b5-772c-4820-acf0-fea8df090da1,7522af2c-a7f6-4ab8-8493-6875a3b19544,points,earn,base,50,50,50,50,50,manual,,Legacy wallet balance,"{""backfill"": ""jorakay_wallet_lot_drift_20260912"", ""reason"": ""orphan_wallet_no_points_ledger""}",,,242404b5-772c-4820-acf0-fea8df090da1,jorakay-orphan-65b1be9912e71882a7271072,,2026-06-15T00:00:00+00:00,orphan_wallet_no_points_ledger
65b1c02512e71882a727eb8c,1a0a3ce3-2873-4f06-9e1a-f0f5139fbc55,7522af2c-a7f6-4ab8-8493-6875a3b19544,points,earn,base,50,50,50,50,50,manual,,Legacy wallet balance,"{""backfill"": ""jorakay_wallet_lot_drift_20260912"", ""reason"": ""orphan_wallet_no_points_ledger""}",,,1a0a3ce3-2873-4f06-9e1a-f0f5139fbc55,jorakay-orphan-65b1c02512e71882a727eb8c,,2026-06-15T00:00:00+00:00,orphan_wallet_no_points_ledger
65b1c02912e71882a727ec85,3d50e13c-a20a-4610-9e3b-e0d368739817,7522af2c-a7f6-4ab8-8493-6875a3b19544,points,earn,base,50,50,50,50,50,manual,,Legacy wallet balance,"{""backfill"": ""jorakay_wallet_lot_drift_20260912"", ""reason"": ""orphan_wallet_no_points_ledger""}",,,3d50e13c-a20a-4610-9e3b-e0d368739817,jorakay-orphan-65b1c02912e71882a727ec85,,2026-06-15T00:00:00+00:00,orphan_wallet_no_points_ledger
65b1c0c612e71882a72856c8,c4482a47-51c1-42b8-910d-707cf14ad3b1,7522af2c-a7f6-4ab8-8493-6875a3b19544,points,earn,base,50,50,50,50,50,manual,,Legacy wallet balance,"{""backfill"": ""jorakay_wallet_lot_drift_20260912"", ""reason"": ""orphan_wallet_no_points_ledger""}",,,c4482a47-51c1-42b8-910d-707cf14ad3b1,jorakay-orphan-65b1c0c612e71882a72856c8,,2026-06-15T00:00:00+00:00,orphan_wallet_no_points_ledger
65b1c10712e71882a7288863,e244f0b8-ff81-49ad-8005-3d938c5c9ccc,7522af2c-a7f6-4ab8-8493-6875a3b19544,points,earn,base,50,50,50,50,50,manual,,Legacy wallet balance,"{""backfill"": ""jorakay_wallet_lot_drift_20260912"", ""reason"": ""orphan_wallet_no_points_ledger""}",,,e244f0b8-ff81-49ad-8005-3d938c5c9ccc,jorakay-orphan-65b1c10712e71882a7288863,,2026-06-15T00:00:00+00:00,orphan_wallet_no_points_ledger
65b1c15b12e71882a728dda6,ff4f10c8-d9de-47d7-8f5b-081b5e8c782f,7522af2c-a7f6-4ab8-8493-6875a3b19544,points,earn,base,50,50,50,50,50,manual,,Legacy wallet balance,"{""backfill"": ""jorakay_wallet_lot_drift_20260912"", ""reason"": ""orphan_wallet_no_points_ledger""}",,,ff4f10c8-d9de-47d7-8f5b-081b5e8c782f,jorakay-orphan-65b1c15b12e71882a728dda6,,2026-06-15T00:00:00+00:00,orphan_wallet_no_points_ledger
65b1c1fd12e71882a7296505,932b88ec-4e56-447f-9f81-9136a93c8520,7522af2c-a7f6-4ab8-8493-6875a3b19544,points,earn,base,50,50,50,50,50,manual,,Legacy wallet balance,"{""backfill"": ""jorakay_wallet_lot_drift_20260912"", ""reason"": ""orphan_wallet_no_points_ledger""}",,,932b88ec-4e56-447f-9f81-9136a93c8520,jorakay-orphan-65b1c1fd12e71882a7296505,,2026-06-15T00:00:00+00:00,orphan_wallet_no_points_ledger
65b1c2c812e71882a72a4356,3673c7b3-86ac-4648-97b5-4bb916a05747,7522af2c-a7f6-4ab8-8493-6875a3b19544,points,earn,base,50,50,50,50,50,manual,,Legacy wallet balance,"{""backfill"": ""jorakay_wallet_lot_drift_20260912"", ""reason"": ""orphan_wallet_no_points_ledger""}",,,3673c7b3-86ac-4648-97b5-4bb916a05747,jorakay-orphan-65b1c2c812e71882a72a4356,,2026-06-15T00:00:00+00:00,orphan_wallet_no_points_ledger
65b1c32412e71882a72ae409,4201b34a-019d-49fe-b6f5-5d3c300a2e2d,7522af2c-a7f6-4ab8-8493-6875a3b19544,points,earn,base,50,50,50,50,50,manual,,Legacy wallet balance,"{""backfill"": ""jorakay_wallet_lot_drift_20260912"", ""reason"": ""orphan_wallet_no_points_ledger""}",,,4201b34a-019d-49fe-b6f5-5d3c300a2e2d,jorakay-orphan-65b1c32412e71882a72ae409,,2026-06-15T00:00:00+00:00,orphan_wallet_no_points_ledger
