kind,mongo_id,detail,stg,live,diff,flag
headline,65413f54d6b1732a1ec5f909,,44773.0,42668.0,-2105.0,stg_live_mismatch
headline,65f418434aaafb5d9c6567bc,,2437.0,1216.0,-1221.0,stg_live_mismatch
earn,690ad22e02bac6d0d351c974,65413f78d6b1732a1ec616f1,2156.0,0.0,-2156.0,stg_live_mismatch
earn,690ad2777e1f5ea3e2f098c9,65413f78d6b1732a1ec616f1,338.0,0.0,-338.0,stg_live_mismatch
earn,690ad2b402bac6d0d352093f,65413f78d6b1732a1ec616f1,910.0,0.0,-910.0,stg_live_mismatch
earn,690ad30df5a44c6078380f06,65413f78d6b1732a1ec616f1,910.0,0.0,-910.0,stg_live_mismatch
earn,69379e354c2e850ea0598990,65413f78d6b1732a1ec616f1,364.0,0.0,-364.0,stg_live_mismatch
earn,6937a318cf5cf5ee9c22baaf,65413f78d6b1732a1ec616f1,910.0,0.0,-910.0,stg_live_mismatch
earn,695dfbeebeba1a04f7cae959,65413f78d6b1732a1ec616f1,450.0,0.0,-450.0,stg_live_mismatch
earn,695e0521536e410e3bd72887,65413f78d6b1732a1ec616f1,104.0,0.0,-104.0,stg_live_mismatch
earn,695e08f8a36a0550f4a1d962,65413f78d6b1732a1ec616f1,1365.0,0.0,-1365.0,stg_live_mismatch
earn,695e09f75993acd843a45941,65413f78d6b1732a1ec616f1,1365.0,0.0,-1365.0,stg_live_mismatch
earn,695e10c596c0069566676ab1,65413f78d6b1732a1ec616f1,104.0,0.0,-104.0,stg_live_mismatch
earn,695e1162bbb5e056b394ae40,65413f78d6b1732a1ec616f1,1365.0,0.0,-1365.0,stg_live_mismatch
earn,695e11d4aa4065560f971cb6,65413f78d6b1732a1ec616f1,1365.0,0.0,-1365.0,stg_live_mismatch
earn,695e1260b624df6d05b4c7bb,65413f78d6b1732a1ec616f1,104.0,0.0,-104.0,stg_live_mismatch
earn,6983268cd449176d283dfe2f,65413f78d6b1732a1ec616f1,1365.0,0.0,-1365.0,stg_live_mismatch
earn,698326e7b8685436f72103e2,65413f78d6b1732a1ec616f1,450.0,0.0,-450.0,stg_live_mismatch
earn,698329a851d22001332277e8,65413f78d6b1732a1ec616f1,3640.0,0.0,-3640.0,stg_live_mismatch
earn,69832aa052507be3b5f55f09,65413f78d6b1732a1ec616f1,910.0,0.0,-910.0,stg_live_mismatch
earn,69832d3df617dcb57b0b098a,65413f78d6b1732a1ec616f1,2730.0,0.0,-2730.0,stg_live_mismatch
earn,69834741ad975b6b13c388c6,65413f78d6b1732a1ec616f1,1365.0,0.0,-1365.0,stg_live_mismatch
earn,6983479897f163d415405dc5,65413f78d6b1732a1ec616f1,1365.0,0.0,-1365.0,stg_live_mismatch
earn,698348b0197857591666b6e4,65413f78d6b1732a1ec616f1,169.0,0.0,-169.0,stg_live_mismatch
earn,698348e4ee7ef59f3cd1d5a9,65413f78d6b1732a1ec616f1,1183.0,0.0,-1183.0,stg_live_mismatch
earn,6983491a9cc7114487f977d6,65413f78d6b1732a1ec616f1,1365.0,0.0,-1365.0,stg_live_mismatch
earn,6983493cce94ec6b54cd10e2,65413f78d6b1732a1ec616f1,1365.0,0.0,-1365.0,stg_live_mismatch
earn,69834b11ce94ec6b54cd42c5,65413f78d6b1732a1ec616f1,1365.0,0.0,-1365.0,stg_live_mismatch
earn,69834d9bccddfb82f74425a2,65413f78d6b1732a1ec616f1,1001.0,0.0,-1001.0,stg_live_mismatch
earn,69834e059b02869c2249efb0,65413f78d6b1732a1ec616f1,481.0,0.0,-481.0,stg_live_mismatch
earn,69a829ca5223c8e7686a8499,65413f78d6b1732a1ec616f1,182.0,0.0,-182.0,stg_live_mismatch
earn,69a82a21748ad4e032e7b56c,65413f78d6b1732a1ec616f1,1365.0,0.0,-1365.0,stg_live_mismatch
earn,69a82abee7308295bc9e2bb5,65413f78d6b1732a1ec616f1,1365.0,0.0,-1365.0,stg_live_mismatch
earn,69a82b325575bb1a00a408fb,65413f78d6b1732a1ec616f1,728.0,0.0,-728.0,stg_live_mismatch
earn,69a82bad748ad4e032e7ffda,65413f78d6b1732a1ec616f1,261.0,0.0,-261.0,stg_live_mismatch
earn,69a82c06decd3a14e77eec3e,65413f78d6b1732a1ec616f1,199.0,0.0,-199.0,stg_live_mismatch
earn,69a82dab5a3c57501499d3e6,65413f78d6b1732a1ec616f1,3185.0,0.0,-3185.0,stg_live_mismatch
earn,69a82df651d88ec762e4cdf5,65413f78d6b1732a1ec616f1,1365.0,0.0,-1365.0,stg_live_mismatch
earn,69d4d811f173c5dfed231223,65413f78d6b1732a1ec616f1,1365.0,0.0,-1365.0,stg_live_mismatch
earn,69d4d8785d09140926db0ead,65413f78d6b1732a1ec616f1,455.0,0.0,-455.0,stg_live_mismatch
earn,69d5caa9f4d6218e5f11ff32,65413f78d6b1732a1ec616f1,2850.0,0.0,-2850.0,stg_live_mismatch
earn,69d5cdb349336c8bb2f7a940,65413f78d6b1732a1ec616f1,7125.0,0.0,-7125.0,stg_live_mismatch
earn,69d5d6d58bf54f49cc45b7a9,65413f78d6b1732a1ec616f1,2535.0,0.0,-2535.0,stg_live_mismatch
earn,69d5da7a49b756dcd39a3fe7,65413f78d6b1732a1ec616f1,785.0,0.0,-785.0,stg_live_mismatch
earn,69d5dab549336c8bb2fa1896,65413f78d6b1732a1ec616f1,523.0,0.0,-523.0,stg_live_mismatch
earn,69f99b72227443c3e937cfab,65413f78d6b1732a1ec616f1,4095.0,0.0,-4095.0,stg_live_mismatch
earn,69f99d05d6d9d5119725153a,65413f78d6b1732a1ec616f1,399.0,0.0,-399.0,stg_live_mismatch
earn,69f99d6275fceec993451b4e,65413f78d6b1732a1ec616f1,9975.0,0.0,-9975.0,stg_live_mismatch
earn,69f99e024737a71c5e36f4a7,65413f78d6b1732a1ec616f1,4275.0,0.0,-4275.0,stg_live_mismatch
earn,69f99e88d6d9d511972578a6,65413f78d6b1732a1ec616f1,637.0,0.0,-637.0,stg_live_mismatch
earn,69f9a004480898ab9dedb681,65413f78d6b1732a1ec616f1,1365.0,0.0,-1365.0,stg_live_mismatch
earn,6a26e46004821870904b41db,65413f78d6b1732a1ec616f1,1365.0,0.0,-1365.0,stg_live_mismatch
earn,6a26e5599f3354e6249cf98a,65413f78d6b1732a1ec616f1,455.0,0.0,-455.0,stg_live_mismatch
earn,6a2b7e9920f3d91de121853b,65413f78d6b1732a1ec616f1,3367.0,0.0,-3367.0,stg_live_mismatch
earn,6a2b7f19ea686c1eb1cabecc,65413f78d6b1732a1ec616f1,462.0,0.0,-462.0,stg_live_mismatch
earn,6a2b805604c35cd40078cf10,65413f78d6b1732a1ec616f1,77.0,0.0,-77.0,stg_live_mismatch
earn,6a2b814304c35cd40079164a,65413f78d6b1732a1ec616f1,7125.0,0.0,-7125.0,stg_live_mismatch
earn,6a2b81b6511b5213b5346b60,65413f78d6b1732a1ec616f1,1245.0,0.0,-1245.0,stg_live_mismatch
earn,6a2b831d535636b6a83e79cf,65413f78d6b1732a1ec616f1,308.0,0.0,-308.0,stg_live_mismatch
earn,6a3e46b7a895914bae05f956,65413f78d6b1732a1ec616f1,99.0,0.0,-99.0,stg_live_mismatch
earn,6a4218e6ac44097a9946f529,65413f78d6b1732a1ec616f1,69900.0,23101.0,-46799.0,stg_live_mismatch
earn,68c76efc5d0c9d2e3950536b,65413f89d6b1732a1ec6255d,162.0,0.0,-162.0,stg_live_mismatch
earn,691d59cea437bb4a6ea18bb1,65413f89d6b1732a1ec6255d,679.0,0.0,-679.0,stg_live_mismatch
earn,691d5abe891485c5eb0cfca5,65413f89d6b1732a1ec6255d,958.0,0.0,-958.0,stg_live_mismatch
earn,691d627f59b9e2d8e5302bdf,65413f89d6b1732a1ec6255d,1819.0,0.0,-1819.0,stg_live_mismatch
earn,691d63fbeb45645c80eaab32,65413f89d6b1732a1ec6255d,1075.0,0.0,-1075.0,stg_live_mismatch
earn,691d7fcffd533177d17bd62d,65413f89d6b1732a1ec6255d,698.0,0.0,-698.0,stg_live_mismatch
earn,691d80319d77c8fa91328163,65413f89d6b1732a1ec6255d,349.0,0.0,-349.0,stg_live_mismatch
earn,69437662f7d4016a427b7ea5,65413f89d6b1732a1ec6255d,548.0,0.0,-548.0,stg_live_mismatch
earn,695f8a837d179ab9bcbb912a,65413f89d6b1732a1ec6255d,698.0,0.0,-698.0,stg_live_mismatch
earn,69770698364e638b6d39844e,65413f89d6b1732a1ec6255d,816.0,0.0,-816.0,stg_live_mismatch
earn,697706df16404e1f57ff93cf,65413f89d6b1732a1ec6255d,905.0,807.0,-98.0,stg_live_mismatch
earn,69a2c8c759a18ae208eb7cc6,65e54b99d3d42fdf0cf61c93,385.0,0.0,-385.0,stg_live_mismatch
earn,69bb6167f7bc8ef048139c8d,65e54b99d3d42fdf0cf61c93,465.0,0.0,-465.0,stg_live_mismatch
earn,69bd288399de6e9fe0c41c6d,65e54b99d3d42fdf0cf61c93,155.0,0.0,-155.0,stg_live_mismatch
earn,69d6406e3af5eab7a3551d4f,65e54b99d3d42fdf0cf61c93,322.0,0.0,-322.0,stg_live_mismatch
earn,6a06809ef60fb63d971f930b,65e54b99d3d42fdf0cf61c93,5723.0,0.0,-5723.0,stg_live_mismatch
earn,6a0681f57bc8dee8acd5d426,65e54b99d3d42fdf0cf61c93,345.0,0.0,-345.0,stg_live_mismatch
earn,6a06825882689baa77c33b6f,65e54b99d3d42fdf0cf61c93,247.0,0.0,-247.0,stg_live_mismatch
earn,6a3621025c7b581c13afe428,65e54b99d3d42fdf0cf61c93,170.0,0.0,-170.0,stg_live_mismatch
earn,6a366ee2d3e8bfba9b1e0bdb,65e54b99d3d42fdf0cf61c93,960.0,0.0,-960.0,stg_live_mismatch
earn,6a44949b9fb866f696f43d13,65e54b99d3d42fdf0cf61c93,3100.0,0.0,-3100.0,stg_live_mismatch
earn,6a44952d9fb866f696f5c57f,65e54b99d3d42fdf0cf61c93,320.0,0.0,-320.0,stg_live_mismatch
earn,6a44eb58bbcbf172d6c57cc3,65e54b99d3d42fdf0cf61c93,960.0,0.0,-960.0,stg_live_mismatch
earn,6a4883419cd67d8f8f00cc79,65e54b99d3d42fdf0cf61c93,792.0,0.0,-792.0,stg_live_mismatch
earn,69d8c3bf45f4d8062b9722e3,66aa305cddfe1420692eff91,265.0,0.0,-265.0,stg_live_mismatch
earn,69d8d543b9cdb903b51048b2,66aa305cddfe1420692eff91,2854.0,0.0,-2854.0,stg_live_mismatch
earn,69d8d59bcf1c8e45bd81af09,66aa305cddfe1420692eff91,2854.0,973.0,-1881.0,stg_live_mismatch
earn,69e1db2bd94bd671a0ee7e01,67c917a2c336839338cc12a8,436.0,0.0,-436.0,stg_live_mismatch
earn,69e5adc6af9419d26145daeb,67c917a2c336839338cc12a8,115.0,0.0,-115.0,stg_live_mismatch
earn,69e88516bf769afd2615f14f,67c917a2c336839338cc12a8,209.0,0.0,-209.0,stg_live_mismatch
earn,69ec6c86d9dde5c9f46d7ec9,67c917a2c336839338cc12a8,71.0,0.0,-71.0,stg_live_mismatch
earn,69ec6e896401fc2b8abae6ed,67c917a2c336839338cc12a8,441.0,0.0,-441.0,stg_live_mismatch
earn,69ecb8b3702173de6d12b0bb,67c917a2c336839338cc12a8,85.0,0.0,-85.0,stg_live_mismatch
earn,69edae9834e86577f4050b5d,67c917a2c336839338cc12a8,922.0,0.0,-922.0,stg_live_mismatch
earn,69eec6c65877052a25a6956d,67c917a2c336839338cc12a8,7.0,0.0,-7.0,stg_live_mismatch
earn,69f1d4dfeca88c1af51b2882,67c917a2c336839338cc12a8,313.0,0.0,-313.0,stg_live_mismatch
earn,69f2142b14067b596397422a,67c917a2c336839338cc12a8,134.0,0.0,-134.0,stg_live_mismatch
earn,69f214c682c2660d0db508d2,67c917a2c336839338cc12a8,430.0,0.0,-430.0,stg_live_mismatch
earn,69f4283f9d656ba9116eda2b,67c917a2c336839338cc12a8,40.0,0.0,-40.0,stg_live_mismatch
earn,69f55ed5b082054a5d529341,67c917a2c336839338cc12a8,40.0,0.0,-40.0,stg_live_mismatch
earn,69f561661fb7d4dfff2a6a7f,67c917a2c336839338cc12a8,31.0,0.0,-31.0,stg_live_mismatch
earn,69f6b9b1ae987cc7a59064db,67c917a2c336839338cc12a8,418.0,0.0,-418.0,stg_live_mismatch
earn,69fac1a03744b16cd9e3ce85,67c917a2c336839338cc12a8,124.0,0.0,-124.0,stg_live_mismatch
earn,69fac1ec49bb50b256a97757,67c917a2c336839338cc12a8,45.0,0.0,-45.0,stg_live_mismatch
earn,69fac2560eb9a48cb0e86df9,67c917a2c336839338cc12a8,27.0,0.0,-27.0,stg_live_mismatch
earn,69faeca0f6b22d9027156cc3,67c917a2c336839338cc12a8,555.0,0.0,-555.0,stg_live_mismatch
earn,69ff0f02e9c8ea98270cd518,67c917a2c336839338cc12a8,189.0,0.0,-189.0,stg_live_mismatch
earn,6a02f2edfd8d6d6fc52c2b54,67c917a2c336839338cc12a8,137.0,0.0,-137.0,stg_live_mismatch
earn,6a02f35e4a7831883922997f,67c917a2c336839338cc12a8,41.0,0.0,-41.0,stg_live_mismatch
earn,6a02f3e524d2aa58f5f3e20f,67c917a2c336839338cc12a8,777.0,0.0,-777.0,stg_live_mismatch
earn,6a02f4624a7831883922de3f,67c917a2c336839338cc12a8,21.0,0.0,-21.0,stg_live_mismatch
earn,6a02fbfa3df133e05b89e19a,67c917a2c336839338cc12a8,61.0,0.0,-61.0,stg_live_mismatch
earn,6a04762a3489cb84c1238168,67c917a2c336839338cc12a8,261.0,0.0,-261.0,stg_live_mismatch
earn,6a067fa67bc8dee8acd58bcd,67c917a2c336839338cc12a8,209.0,0.0,-209.0,stg_live_mismatch
earn,6a0845aba135206c87882555,67c917a2c336839338cc12a8,723.0,0.0,-723.0,stg_live_mismatch
earn,6a0845ecae7dff51645d5f02,67c917a2c336839338cc12a8,145.0,0.0,-145.0,stg_live_mismatch
earn,6a1070e13ba112624e002501,67c917a2c336839338cc12a8,61.0,0.0,-61.0,stg_live_mismatch
earn,6a10716a8f8bea476e382edf,67c917a2c336839338cc12a8,259.0,0.0,-259.0,stg_live_mismatch
earn,6a13b25f0c5472ea9fc62b07,67c917a2c336839338cc12a8,64.0,0.0,-64.0,stg_live_mismatch
earn,6a13b2ac0c5472ea9fc635da,67c917a2c336839338cc12a8,79.0,0.0,-79.0,stg_live_mismatch
earn,6a13b2e82df21cc0f7334d43,67c917a2c336839338cc12a8,518.0,0.0,-518.0,stg_live_mismatch
earn,6a1562d9fa7443f3c4a58e11,67c917a2c336839338cc12a8,104.0,0.0,-104.0,stg_live_mismatch
earn,6a167a052b99987da466587f,67c917a2c336839338cc12a8,131.0,0.0,-131.0,stg_live_mismatch
earn,6a167a445e86129fbb6a7bf8,67c917a2c336839338cc12a8,169.0,0.0,-169.0,stg_live_mismatch
earn,6a1e73fe8948f27754770d60,67c917a2c336839338cc12a8,74.0,0.0,-74.0,stg_live_mismatch
earn,6a1e75649f00c3ed4f08a0fd,67c917a2c336839338cc12a8,68.0,0.0,-68.0,stg_live_mismatch
earn,6a224f4350b87cb27c36e450,67c917a2c336839338cc12a8,66.0,0.0,-66.0,stg_live_mismatch
earn,6a224f6850b87cb27c370119,67c917a2c336839338cc12a8,140.0,0.0,-140.0,stg_live_mismatch
earn,6a224fa3408b7d245c703f2e,67c917a2c336839338cc12a8,140.0,0.0,-140.0,stg_live_mismatch
earn,6a2390b2dfd28166caed4b02,67c917a2c336839338cc12a8,608.0,0.0,-608.0,stg_live_mismatch
earn,6a250149a44cabef2ec11917,67c917a2c336839338cc12a8,78.0,0.0,-78.0,stg_live_mismatch
earn,6a30f913811fc9ce3f4191fc,67c917a2c336839338cc12a8,104.0,0.0,-104.0,stg_live_mismatch
earn,6a30f9775b27924a4ddd69ab,67c917a2c336839338cc12a8,111.0,0.0,-111.0,stg_live_mismatch
earn,6a30fa3a5847b2aea9807876,67c917a2c336839338cc12a8,487.0,0.0,-487.0,stg_live_mismatch
earn,6a33636259dee22a99631e9a,67c917a2c336839338cc12a8,63.0,0.0,-63.0,stg_live_mismatch
earn,6a336abd760872c2752750f0,67c917a2c336839338cc12a8,35.0,0.0,-35.0,stg_live_mismatch
earn,6a336b25db189f38b75f5806,67c917a2c336839338cc12a8,174.0,0.0,-174.0,stg_live_mismatch
earn,6a33789c18f2a87b3585692a,67c917a2c336839338cc12a8,25.0,0.0,-25.0,stg_live_mismatch
earn,6a3378ef811fc9ce3fe4cb6d,67c917a2c336839338cc12a8,500.0,0.0,-500.0,stg_live_mismatch
earn,6a337e3e11834eb3dd5a1bc7,67c917a2c336839338cc12a8,89.0,0.0,-89.0,stg_live_mismatch
earn,6a3385afdb189f38b76c51b8,67c917a2c336839338cc12a8,74.0,0.0,-74.0,stg_live_mismatch
earn,6a338e4e1561ee588ec92e07,67c917a2c336839338cc12a8,40.0,0.0,-40.0,stg_live_mismatch
earn,6a3393e659dee22a997a2a58,67c917a2c336839338cc12a8,72.0,0.0,-72.0,stg_live_mismatch
earn,6a33b21418f2a87b35a5704b,67c917a2c336839338cc12a8,925.0,0.0,-925.0,stg_live_mismatch
earn,6a33b2aa18f2a87b35a5caa5,67c917a2c336839338cc12a8,949.0,0.0,-949.0,stg_live_mismatch
earn,6a33b347db189f38b784618b,67c917a2c336839338cc12a8,77.0,0.0,-77.0,stg_live_mismatch
earn,6a33c9352388fb84b296b09a,67c917a2c336839338cc12a8,57.0,0.0,-57.0,stg_live_mismatch
earn,6a34b8a4f14859bfc735504a,67c917a2c336839338cc12a8,75.0,0.0,-75.0,stg_live_mismatch
earn,6a34b9e6a7ac74cc6c24e19c,67c917a2c336839338cc12a8,43.0,0.0,-43.0,stg_live_mismatch
earn,6a34ba51f14859bfc7359092,67c917a2c336839338cc12a8,47.0,0.0,-47.0,stg_live_mismatch
earn,6a34ba8ea7ac74cc6c2504d6,67c917a2c336839338cc12a8,81.0,0.0,-81.0,stg_live_mismatch
earn,6a350a08576c526d7a6c5fd2,67c917a2c336839338cc12a8,37.0,0.0,-37.0,stg_live_mismatch
earn,6a350a93a7ac74cc6c4f7125,67c917a2c336839338cc12a8,20.0,0.0,-20.0,stg_live_mismatch
earn,6a350d06576c526d7a6f166b,67c917a2c336839338cc12a8,13.0,0.0,-13.0,stg_live_mismatch
earn,6a351beaa7ac74cc6c5c91b9,67c917a2c336839338cc12a8,627.0,0.0,-627.0,stg_live_mismatch
earn,6a351c43576c526d7a794eb4,67c917a2c336839338cc12a8,60.0,0.0,-60.0,stg_live_mismatch
earn,6a351cbb22d01110c162d647,67c917a2c336839338cc12a8,313.0,0.0,-313.0,stg_live_mismatch
earn,6a361fccf77ce6caf7bff8a2,67c917a2c336839338cc12a8,74.0,0.0,-74.0,stg_live_mismatch
earn,6a36203d2c4b03f31c46a151,67c917a2c336839338cc12a8,27.0,0.0,-27.0,stg_live_mismatch
earn,6a3634aa1213595eaa474c10,67c917a2c336839338cc12a8,130.0,0.0,-130.0,stg_live_mismatch
earn,6a3e29300d884c61aab97b27,67c917a2c336839338cc12a8,119.0,0.0,-119.0,stg_live_mismatch
earn,6a3e2e2596bd3bd477c006c8,67c917a2c336839338cc12a8,251.0,0.0,-251.0,stg_live_mismatch
earn,6a3e4def55de5d3b9ddff3e5,67c917a2c336839338cc12a8,145.0,0.0,-145.0,stg_live_mismatch
earn,6a3f876b91a7a7e06681639a,67c917a2c336839338cc12a8,108.0,0.0,-108.0,stg_live_mismatch
earn,6a3f87c7d74f4f1e17c0ed9b,67c917a2c336839338cc12a8,41.0,0.0,-41.0,stg_live_mismatch
earn,6a3f92482ddc8c88f54ab2f5,67c917a2c336839338cc12a8,83.0,0.0,-83.0,stg_live_mismatch
earn,6a41f1807e571c0776a5a262,67c917a2c336839338cc12a8,104.0,0.0,-104.0,stg_live_mismatch
earn,6a42148bac44097a993ded43,67c917a2c336839338cc12a8,500.0,246.0,-254.0,stg_live_mismatch
earn,699f0abaca55ec444685df7a,699efc2f2ec2d76e1eae0dd6,691.0,0.0,-691.0,stg_live_mismatch
earn,699f0b6165826acb329869b3,699efc2f2ec2d76e1eae0dd6,240.0,0.0,-240.0,stg_live_mismatch
earn,699f0bc6e67dfb9f85140888,699efc2f2ec2d76e1eae0dd6,936.0,0.0,-936.0,stg_live_mismatch
earn,6a100a370621a594899397d8,699efc2f2ec2d76e1eae0dd6,950.0,0.0,-950.0,stg_live_mismatch
earn,6a100acb0621a5948993dcf8,699efc2f2ec2d76e1eae0dd6,3496.0,0.0,-3496.0,stg_live_mismatch
earn,6a100b69dab16043a5f8a06f,699efc2f2ec2d76e1eae0dd6,2190.0,0.0,-2190.0,stg_live_mismatch
earn,6a100bb49a76fa07e03f2bfc,699efc2f2ec2d76e1eae0dd6,1095.0,0.0,-1095.0,stg_live_mismatch
earn,6a100c632ab134e8c685ffb1,699efc2f2ec2d76e1eae0dd6,766.0,0.0,-766.0,stg_live_mismatch
earn,6a166f803210f2fb04577658,699efc2f2ec2d76e1eae0dd6,586.0,0.0,-586.0,stg_live_mismatch
earn,6a166ff1498fac3258c90d1d,699efc2f2ec2d76e1eae0dd6,420.0,0.0,-420.0,stg_live_mismatch
earn,6a16706a498fac3258c936c0,699efc2f2ec2d76e1eae0dd6,495.0,0.0,-495.0,stg_live_mismatch
earn,6a1670c38dc870e273b6dc8e,699efc2f2ec2d76e1eae0dd6,2900.0,0.0,-2900.0,stg_live_mismatch
earn,6a18050c78522263635e3352,699efc2f2ec2d76e1eae0dd6,450.0,0.0,-450.0,stg_live_mismatch
earn,6a18055cfa7443f3c4028111,699efc2f2ec2d76e1eae0dd6,2300.0,0.0,-2300.0,stg_live_mismatch
earn,6a1a80652330dd029e9d5983,699efc2f2ec2d76e1eae0dd6,330.0,55.0,-275.0,stg_live_mismatch
earn,69c4d341378964e891a1b07e,65413f8ad6b1732a1ec625e5,65.0,0.0,-65.0,stg_live_mismatch
earn,69c4d502e3cad52f4bfafe52,65413f8ad6b1732a1ec625e5,349.0,0.0,-349.0,stg_live_mismatch
earn,69c4d579cf89e97787df6d56,65413f8ad6b1732a1ec625e5,112.0,0.0,-112.0,stg_live_mismatch
earn,69c63aae1ec94a101e6f9f8d,65413f8ad6b1732a1ec625e5,452.0,0.0,-452.0,stg_live_mismatch
earn,69c63b370f30146462764c28,65413f8ad6b1732a1ec625e5,349.0,0.0,-349.0,stg_live_mismatch
earn,69cb7cd62bf4d59163881972,65413f8ad6b1732a1ec625e5,378.0,0.0,-378.0,stg_live_mismatch
earn,69cb819ab7f6e841bcb467a0,65413f8ad6b1732a1ec625e5,79.0,0.0,-79.0,stg_live_mismatch
earn,69cb94c16564348fe9e40c5e,65413f8ad6b1732a1ec625e5,1260.0,0.0,-1260.0,stg_live_mismatch
earn,69d38c4a5fef44053d9abee0,65413f8ad6b1732a1ec625e5,753.0,0.0,-753.0,stg_live_mismatch
earn,69d5ed94a0ada4638af28605,65413f8ad6b1732a1ec625e5,1976.0,0.0,-1976.0,stg_live_mismatch
earn,69ddf2fe8a583cbecc85b0c3,65413f8ad6b1732a1ec625e5,1396.0,0.0,-1396.0,stg_live_mismatch
earn,69f71da541e11465c4aa4118,65413f8ad6b1732a1ec625e5,338.0,0.0,-338.0,stg_live_mismatch
earn,69f71e58df8d0c6fa682f99b,65413f8ad6b1732a1ec625e5,131.0,0.0,-131.0,stg_live_mismatch
earn,6a075e7a7bc8dee8ac17f1dd,65413f8ad6b1732a1ec625e5,122.0,0.0,-122.0,stg_live_mismatch
earn,6a075eac7f736a615a41f64b,65413f8ad6b1732a1ec625e5,244.0,0.0,-244.0,stg_live_mismatch
earn,6a075f476f7ee98d8c819fd3,65413f8ad6b1732a1ec625e5,1099.0,0.0,-1099.0,stg_live_mismatch
earn,6a2a8d59e2da3dae431a08cd,65413f8ad6b1732a1ec625e5,682.0,0.0,-682.0,stg_live_mismatch
earn,6a2bb116a18dfe788080d622,65413f8ad6b1732a1ec625e5,1013.0,0.0,-1013.0,stg_live_mismatch
earn,6a32a9095d4b13203197ac68,65413f8ad6b1732a1ec625e5,157.0,0.0,-157.0,stg_live_mismatch
earn,6a32a9fc7a64a19a7ad32901,65413f8ad6b1732a1ec625e5,837.0,0.0,-837.0,stg_live_mismatch
earn,6a32aa777a64a19a7ad3432f,65413f8ad6b1732a1ec625e5,202.0,0.0,-202.0,stg_live_mismatch
earn,6a32aaf2514feb10ca75d58f,65413f8ad6b1732a1ec625e5,152.0,146.0,-6.0,stg_live_mismatch
earn,699bec55b8ea7676d2159c6a,6566b316285bf1f861c02126,1122.0,0.0,-1122.0,stg_live_mismatch
earn,699becaf2960497a04cbe382,6566b316285bf1f861c02126,286.0,0.0,-286.0,stg_live_mismatch
earn,699bf9751ff10fedea3783d1,6566b316285bf1f861c02126,315.0,0.0,-315.0,stg_live_mismatch
earn,699bfa055804e1394d746de1,6566b316285bf1f861c02126,99.0,0.0,-99.0,stg_live_mismatch
earn,699c11381fcc6be247a3cdc1,6566b316285bf1f861c02126,64.0,0.0,-64.0,stg_live_mismatch
earn,699c19db6af1d2aa4d97bb36,6566b316285bf1f861c02126,137.0,0.0,-137.0,stg_live_mismatch
earn,699c2489e7a73eb7d1dc3fd4,6566b316285bf1f861c02126,611.0,0.0,-611.0,stg_live_mismatch
earn,699c263b14ee2593434b1d68,6566b316285bf1f861c02126,39.0,0.0,-39.0,stg_live_mismatch
earn,699c2942226c4d2de902b6b5,6566b316285bf1f861c02126,159.0,0.0,-159.0,stg_live_mismatch
earn,699c2de2c3acca5932639a48,6566b316285bf1f861c02126,145.0,0.0,-145.0,stg_live_mismatch
earn,699c2e42b54721d88e8012d5,6566b316285bf1f861c02126,199.0,0.0,-199.0,stg_live_mismatch
earn,699c30792960497a04d4ff72,6566b316285bf1f861c02126,438.0,0.0,-438.0,stg_live_mismatch
earn,699c30fc14ee2593434cb90e,6566b316285bf1f861c02126,278.0,0.0,-278.0,stg_live_mismatch
earn,699d80c0c1491503063ee5b0,6566b316285bf1f861c02126,139.0,0.0,-139.0,stg_live_mismatch
earn,699d851bae17369f645ed144,6566b316285bf1f861c02126,238.0,0.0,-238.0,stg_live_mismatch
earn,699e7392c241d1cd43c2d70f,6566b316285bf1f861c02126,18.0,0.0,-18.0,stg_live_mismatch
earn,699e743169995265590f5d24,6566b316285bf1f861c02126,338.0,0.0,-338.0,stg_live_mismatch
earn,699ff248774569417392cf71,6566b316285bf1f861c02126,320.0,0.0,-320.0,stg_live_mismatch
earn,699ff2de5116ff7caea701cd,6566b316285bf1f861c02126,54.0,0.0,-54.0,stg_live_mismatch
earn,699ff341a04d3c1e1937b5d4,6566b316285bf1f861c02126,439.0,0.0,-439.0,stg_live_mismatch
earn,699ff398f551c932b67b307a,6566b316285bf1f861c02126,132.0,0.0,-132.0,stg_live_mismatch
earn,699ff4d87dea8fe116d7c665,6566b316285bf1f861c02126,368.0,0.0,-368.0,stg_live_mismatch
earn,699ff5527fbb94020746653f,6566b316285bf1f861c02126,275.0,0.0,-275.0,stg_live_mismatch
earn,69a00c3e8ad7c2d87450e22d,6566b316285bf1f861c02126,332.0,0.0,-332.0,stg_live_mismatch
earn,69a00ca2851eafb834e02db5,6566b316285bf1f861c02126,99.0,0.0,-99.0,stg_live_mismatch
earn,69a00d17e02a310efd4f5a29,6566b316285bf1f861c02126,54.0,0.0,-54.0,stg_live_mismatch
earn,69a00d6320f1288a632c9e7d,6566b316285bf1f861c02126,104.0,0.0,-104.0,stg_live_mismatch
earn,69a00df2e02a310efd4f810c,6566b316285bf1f861c02126,77.0,0.0,-77.0,stg_live_mismatch
earn,69a00e688ae4a04b77a4dbdb,6566b316285bf1f861c02126,267.0,0.0,-267.0,stg_live_mismatch
earn,69a00ebc7dea8fe116db3d42,6566b316285bf1f861c02126,141.0,0.0,-141.0,stg_live_mismatch
earn,69a00f1166adb5d6524ab14b,6566b316285bf1f861c02126,137.0,0.0,-137.0,stg_live_mismatch
earn,69a00fa5e0f434648673136a,6566b316285bf1f861c02126,92.0,0.0,-92.0,stg_live_mismatch
earn,69a0106a1efee4f63df6a3c8,6566b316285bf1f861c02126,374.0,0.0,-374.0,stg_live_mismatch
earn,69a011651efee4f63df6d062,6566b316285bf1f861c02126,301.0,0.0,-301.0,stg_live_mismatch
earn,69a01216d8840ba4eb3ca432,6566b316285bf1f861c02126,479.0,0.0,-479.0,stg_live_mismatch
earn,69a0127c53f960e420540368,6566b316285bf1f861c02126,275.0,0.0,-275.0,stg_live_mismatch
earn,69a014228ae4a04b77a5a5be,6566b316285bf1f861c02126,41.0,0.0,-41.0,stg_live_mismatch
earn,69a01474bc1d90b39ea051af,6566b316285bf1f861c02126,229.0,0.0,-229.0,stg_live_mismatch
earn,69a014c8cf73e74356232a05,6566b316285bf1f861c02126,89.0,0.0,-89.0,stg_live_mismatch
earn,69a0153ee5f722317b2e70b4,6566b316285bf1f861c02126,97.0,0.0,-97.0,stg_live_mismatch
earn,69a15035f1df6d5072d93b53,6566b316285bf1f861c02126,107.0,0.0,-107.0,stg_live_mismatch
earn,69a150caf6091c0e0c9be6a9,6566b316285bf1f861c02126,372.0,0.0,-372.0,stg_live_mismatch
earn,69a3ecb35a46f30fb67cd50d,6566b316285bf1f861c02126,62.0,0.0,-62.0,stg_live_mismatch
earn,69a4f31bed9448eb82453d1e,6566b316285bf1f861c02126,49.0,0.0,-49.0,stg_live_mismatch
earn,69a7c32581449450ff38a670,6566b316285bf1f861c02126,271.0,0.0,-271.0,stg_live_mismatch
earn,69a7c3742a98db06af4f1e55,6566b316285bf1f861c02126,190.0,0.0,-190.0,stg_live_mismatch
earn,69a7c4cf3555001751537db5,6566b316285bf1f861c02126,142.0,0.0,-142.0,stg_live_mismatch
earn,69a7c5179350ea53c791108c,6566b316285bf1f861c02126,78.0,0.0,-78.0,stg_live_mismatch
earn,69a7cb6b6426f3c096243aaf,6566b316285bf1f861c02126,66.0,0.0,-66.0,stg_live_mismatch
earn,69afc08335904c87ce42cf31,6566b316285bf1f861c02126,109.0,0.0,-109.0,stg_live_mismatch
earn,69afc1a95b0520534c58708a,6566b316285bf1f861c02126,32.0,0.0,-32.0,stg_live_mismatch
earn,69afc36162e74a5d07295e4f,6566b316285bf1f861c02126,22.0,0.0,-22.0,stg_live_mismatch
earn,69afc3e6342752ceb5580069,6566b316285bf1f861c02126,330.0,0.0,-330.0,stg_live_mismatch
earn,69afc4e96d55a54aaef93360,6566b316285bf1f861c02126,67.0,0.0,-67.0,stg_live_mismatch
earn,69afc5a439f8e1178016986f,6566b316285bf1f861c02126,32.0,0.0,-32.0,stg_live_mismatch
earn,69afc821c64fe7c68599e7a8,6566b316285bf1f861c02126,247.0,0.0,-247.0,stg_live_mismatch
earn,69afc8d305f4f44911e1d522,6566b316285bf1f861c02126,32.0,0.0,-32.0,stg_live_mismatch
earn,69b11c3eef0332e553806a49,6566b316285bf1f861c02126,240.0,0.0,-240.0,stg_live_mismatch
earn,69ba34037843a4503c846c23,6566b316285bf1f861c02126,480.0,0.0,-480.0,stg_live_mismatch
earn,69ba36edf91419e1289a50cb,6566b316285bf1f861c02126,340.0,0.0,-340.0,stg_live_mismatch
earn,69ba3921494f01b1d10b73f1,6566b316285bf1f861c02126,119.0,0.0,-119.0,stg_live_mismatch
earn,69ba397213cba10065ced392,6566b316285bf1f861c02126,32.0,0.0,-32.0,stg_live_mismatch
earn,69ba3c61670740e6f037ff2e,6566b316285bf1f861c02126,193.0,0.0,-193.0,stg_live_mismatch
earn,69ba3cc9670740e6f0380816,6566b316285bf1f861c02126,1133.0,0.0,-1133.0,stg_live_mismatch
earn,69ba3d9ff172efa3309d32c4,6566b316285bf1f861c02126,82.0,0.0,-82.0,stg_live_mismatch
earn,69ba3de69edf73048d809fa3,6566b316285bf1f861c02126,165.0,0.0,-165.0,stg_live_mismatch
earn,69ba3e3fd47d6a8b47af7c90,6566b316285bf1f861c02126,131.0,0.0,-131.0,stg_live_mismatch
earn,69ba401af172efa3309d9882,6566b316285bf1f861c02126,1122.0,0.0,-1122.0,stg_live_mismatch
earn,69bd27e9957b40b7064542ae,6566b316285bf1f861c02126,23.0,0.0,-23.0,stg_live_mismatch
earn,69bd282330d4f8c7ec4b03c4,6566b316285bf1f861c02126,80.0,0.0,-80.0,stg_live_mismatch
earn,69bd284e77fc36228f77cb01,6566b316285bf1f861c02126,495.0,0.0,-495.0,stg_live_mismatch
earn,69c29738fd4e859440bdd0c2,6566b316285bf1f861c02126,33.0,0.0,-33.0,stg_live_mismatch
earn,69c74732e36eef48e9af09a9,6566b316285bf1f861c02126,30.0,0.0,-30.0,stg_live_mismatch
earn,69c74e5d755649153042542f,6566b316285bf1f861c02126,82.0,0.0,-82.0,stg_live_mismatch
earn,69c74ed1f15a047bed62776a,6566b316285bf1f861c02126,132.0,0.0,-132.0,stg_live_mismatch
earn,69c74f5bf15a047bed6283c9,6566b316285bf1f861c02126,2045.0,0.0,-2045.0,stg_live_mismatch
earn,69ca3acf217dc8b62b0b9bee,6566b316285bf1f861c02126,169.0,0.0,-169.0,stg_live_mismatch
earn,69ca3b177a584fa9b9a44750,6566b316285bf1f861c02126,495.0,0.0,-495.0,stg_live_mismatch
earn,69cd1ae7b1c596aeec2bea11,6566b316285bf1f861c02126,30.0,0.0,-30.0,stg_live_mismatch
earn,69cd1c1f084527fa11fe8520,6566b316285bf1f861c02126,117.0,0.0,-117.0,stg_live_mismatch
earn,69cd1c6addf17669d3dcc82b,6566b316285bf1f861c02126,27.0,0.0,-27.0,stg_live_mismatch
earn,69cd1d82e19f2a44c2537452,6566b316285bf1f861c02126,420.0,0.0,-420.0,stg_live_mismatch
earn,69cd1dbdb1c596aeec2c767d,6566b316285bf1f861c02126,545.0,0.0,-545.0,stg_live_mismatch
earn,69cd1e440349fad349327aa8,6566b316285bf1f861c02126,128.0,0.0,-128.0,stg_live_mismatch
earn,69cd20766765d408ee2677f3,6566b316285bf1f861c02126,49.0,0.0,-49.0,stg_live_mismatch
earn,69d0e21ff8103d55568aa555,6566b316285bf1f861c02126,190.0,0.0,-190.0,stg_live_mismatch
earn,69d0e257262a4c2c27d09ce3,6566b316285bf1f861c02126,32.0,0.0,-32.0,stg_live_mismatch
earn,69d0e28dcb627e5e836e75d2,6566b316285bf1f861c02126,229.0,0.0,-229.0,stg_live_mismatch
earn,69d0e302cb627e5e836ebadc,6566b316285bf1f861c02126,181.0,0.0,-181.0,stg_live_mismatch
earn,69d0e354839ff38c8883dcd6,6566b316285bf1f861c02126,898.0,0.0,-898.0,stg_live_mismatch
earn,69d0e3bd34dd8a776cc2070c,6566b316285bf1f861c02126,295.0,0.0,-295.0,stg_live_mismatch
earn,69d0e3f434dd8a776cc23551,6566b316285bf1f861c02126,258.0,0.0,-258.0,stg_live_mismatch
earn,69d0e477bd46ba7142c607c8,6566b316285bf1f861c02126,116.0,0.0,-116.0,stg_live_mismatch
earn,69d0e4dca6ccf831a43a5f70,6566b316285bf1f861c02126,171.0,0.0,-171.0,stg_live_mismatch
earn,69d0e514f8103d55568c6eba,6566b316285bf1f861c02126,114.0,0.0,-114.0,stg_live_mismatch
earn,69d0e575a6ccf831a43aa691,6566b316285bf1f861c02126,89.0,0.0,-89.0,stg_live_mismatch
earn,69d0e768ba88ebccd73ed651,6566b316285bf1f861c02126,178.0,0.0,-178.0,stg_live_mismatch
earn,69d0e7f0ba88ebccd73f27ad,6566b316285bf1f861c02126,178.0,0.0,-178.0,stg_live_mismatch
earn,69d0ea7ffb0c32b82c31eba3,6566b316285bf1f861c02126,205.0,0.0,-205.0,stg_live_mismatch
earn,69d0eb0b106a165f3d896284,6566b316285bf1f861c02126,108.0,0.0,-108.0,stg_live_mismatch
earn,69d0ecaccb627e5e83746dad,6566b316285bf1f861c02126,164.0,0.0,-164.0,stg_live_mismatch
earn,69d0edb6839ff38c888b3c72,6566b316285bf1f861c02126,139.0,0.0,-139.0,stg_live_mismatch
earn,69d0ee53839ff38c888b9570,6566b316285bf1f861c02126,117.0,0.0,-117.0,stg_live_mismatch
earn,69d0eee9ba88ebccd743a7d6,6566b316285bf1f861c02126,132.0,0.0,-132.0,stg_live_mismatch
earn,69d0ef40fb0c32b82c34e01f,6566b316285bf1f861c02126,108.0,0.0,-108.0,stg_live_mismatch
earn,69d0f1e9262a4c2c27daae23,6566b316285bf1f861c02126,66.0,0.0,-66.0,stg_live_mismatch
earn,69d10f83262a4c2c27ec94a3,6566b316285bf1f861c02126,295.0,0.0,-295.0,stg_live_mismatch
earn,69d3689b8d3eb29b15b9dc8c,6566b316285bf1f861c02126,51.0,0.0,-51.0,stg_live_mismatch
earn,69d3694eaa1aa645716a4787,6566b316285bf1f861c02126,50.0,0.0,-50.0,stg_live_mismatch
earn,69d369b611b467c5d08e2d5c,6566b316285bf1f861c02126,495.0,0.0,-495.0,stg_live_mismatch
earn,69d4a66d7eadf439fa48725b,6566b316285bf1f861c02126,27.0,0.0,-27.0,stg_live_mismatch
earn,69d5e78ba6ecd55421bd5073,6566b316285bf1f861c02126,66.0,0.0,-66.0,stg_live_mismatch
earn,69d5e82cc5613ee40812babb,6566b316285bf1f861c02126,137.0,0.0,-137.0,stg_live_mismatch
earn,69d5e8dc0c82a9b3452ccfad,6566b316285bf1f861c02126,74.0,0.0,-74.0,stg_live_mismatch
earn,69d63ca1c5613ee4082f2081,6566b316285bf1f861c02126,179.0,0.0,-179.0,stg_live_mismatch
earn,69d63d14dacf012d9ff4b5ee,6566b316285bf1f861c02126,98.0,0.0,-98.0,stg_live_mismatch
earn,69d63d5e0c82a9b3454a80db,6566b316285bf1f861c02126,145.0,0.0,-145.0,stg_live_mismatch
earn,69d63db23af5eab7a353ec53,6566b316285bf1f861c02126,61.0,0.0,-61.0,stg_live_mismatch
earn,69d63dfe262a4c2c271929d4,6566b316285bf1f861c02126,302.0,0.0,-302.0,stg_live_mismatch
earn,69d63e84dacf012d9ff51e16,6566b316285bf1f861c02126,1395.0,0.0,-1395.0,stg_live_mismatch
earn,69d87cdd9fc9eee7c775b508,6566b316285bf1f861c02126,68.0,0.0,-68.0,stg_live_mismatch
earn,69e209c6e43ca3ffed1011d3,6566b316285bf1f861c02126,552.0,0.0,-552.0,stg_live_mismatch
earn,69e20a4fe43ca3ffed10416a,6566b316285bf1f861c02126,72.0,0.0,-72.0,stg_live_mismatch
earn,69e20a81262a4c2c27ffb042,6566b316285bf1f861c02126,159.0,0.0,-159.0,stg_live_mismatch
earn,69e20c8d6c8d0d831c4320fe,6566b316285bf1f861c02126,159.0,0.0,-159.0,stg_live_mismatch
earn,69e20e00bfbcd94d287d886c,6566b316285bf1f861c02126,240.0,0.0,-240.0,stg_live_mismatch
earn,69e5f055281e3d650c8aa037,6566b316285bf1f861c02126,117.0,0.0,-117.0,stg_live_mismatch
earn,69e5f0f06a7644014724c551,6566b316285bf1f861c02126,320.0,0.0,-320.0,stg_live_mismatch
earn,69e5f1eec1744c0419a450b0,6566b316285bf1f861c02126,63.0,0.0,-63.0,stg_live_mismatch
earn,69e99105e11914ba48786983,6566b316285bf1f861c02126,48.0,0.0,-48.0,stg_live_mismatch
earn,69e991ce7ec70174d6e1a85f,6566b316285bf1f861c02126,60.0,0.0,-60.0,stg_live_mismatch
earn,69eda80c66c5572a6ab8d6b3,6566b316285bf1f861c02126,253.0,0.0,-253.0,stg_live_mismatch
earn,69eda88841a10977f7cc717b,6566b316285bf1f861c02126,75.0,0.0,-75.0,stg_live_mismatch
earn,69ef2ac315c1f5f83d34b20e,6566b316285bf1f861c02126,173.0,0.0,-173.0,stg_live_mismatch
earn,69ef2b0d8ead329b4eba4b92,6566b316285bf1f861c02126,346.0,0.0,-346.0,stg_live_mismatch
earn,69f2d5c2dd22d28c104f6c41,6566b316285bf1f861c02126,36.0,0.0,-36.0,stg_live_mismatch
earn,69f2d6045b2d742231b59349,6566b316285bf1f861c02126,251.0,0.0,-251.0,stg_live_mismatch
earn,69f5bb86a496dfc141b3b90d,6566b316285bf1f861c02126,335.0,0.0,-335.0,stg_live_mismatch
earn,69f96a48e4f5c269236c4435,6566b316285bf1f861c02126,67.0,35.0,-32.0,stg_live_mismatch
earn,69c39f9d197cef6fad006ecf,66a719f56376f16e91adc8bc,224.0,0.0,-224.0,stg_live_mismatch
earn,69c5e5de028d306e78795653,66a719f56376f16e91adc8bc,95.0,0.0,-95.0,stg_live_mismatch
earn,69ecb6a862279f1ceff315db,66a719f56376f16e91adc8bc,1472.0,0.0,-1472.0,stg_live_mismatch
earn,69f9bf85b23999c4a3965ee4,66a719f56376f16e91adc8bc,126.0,0.0,-126.0,stg_live_mismatch
earn,69faa3e6a19afbc3d0d09a8c,66a719f56376f16e91adc8bc,122.0,0.0,-122.0,stg_live_mismatch
earn,6a075dcebc0459a9b3514d2a,66a719f56376f16e91adc8bc,138.0,0.0,-138.0,stg_live_mismatch
earn,6a075e043dad24dfb37e1165,66a719f56376f16e91adc8bc,69.0,0.0,-69.0,stg_live_mismatch
earn,6a075e4eee9e23f86b836e5a,66a719f56376f16e91adc8bc,580.0,0.0,-580.0,stg_live_mismatch
earn,6a0942c9417441c5c0d2de4a,66a719f56376f16e91adc8bc,1777.0,0.0,-1777.0,stg_live_mismatch
earn,6a0e8f88291e653355bc7057,66a719f56376f16e91adc8bc,362.0,0.0,-362.0,stg_live_mismatch
earn,6a1657ef2b99987da4614fcc,66a719f56376f16e91adc8bc,715.0,0.0,-715.0,stg_live_mismatch
earn,6a18510dfc1e5001e71ddbf4,66a719f56376f16e91adc8bc,893.0,0.0,-893.0,stg_live_mismatch
earn,6a185147fc1e5001e71de31d,66a719f56376f16e91adc8bc,114.0,0.0,-114.0,stg_live_mismatch
earn,6a1ee301bcf0da61fbe6cebd,66a719f56376f16e91adc8bc,184.0,0.0,-184.0,stg_live_mismatch
earn,6a1ee3459f00c3ed4f2b1e82,66a719f56376f16e91adc8bc,360.0,231.0,-129.0,stg_live_mismatch
earn,69c894483c4094cb3138cdb4,66fd4bbfaff5db31b4185117,103.0,0.0,-103.0,stg_live_mismatch
earn,69c894f89c4ded701d2a1ccb,66fd4bbfaff5db31b4185117,642.0,0.0,-642.0,stg_live_mismatch
earn,69e5a6ebf775ddf49dffc5cb,66fd4bbfaff5db31b4185117,25000.0,10546.0,-14454.0,stg_live_mismatch
earn,69ce5a39e42a563994cc8773,67026fc7ecd4c2068ffcbe57,899.0,0.0,-899.0,stg_live_mismatch
earn,69db39315158f89f4262c981,67026fc7ecd4c2068ffcbe57,51.0,0.0,-51.0,stg_live_mismatch
earn,69db39b8d5fa62c61d04a760,67026fc7ecd4c2068ffcbe57,239.0,0.0,-239.0,stg_live_mismatch
earn,69de0a9a32c7891196fbc0e9,67026fc7ecd4c2068ffcbe57,184.0,0.0,-184.0,stg_live_mismatch
earn,69eaf65aadd5e6a664959d7c,67026fc7ecd4c2068ffcbe57,506.0,0.0,-506.0,stg_live_mismatch
earn,69eaf689e23b93d51ee010d9,67026fc7ecd4c2068ffcbe57,159.0,0.0,-159.0,stg_live_mismatch
earn,69fafc607d0c3ceacaaff7d9,67026fc7ecd4c2068ffcbe57,56.0,0.0,-56.0,stg_live_mismatch
earn,69fc5c9934b72b0a92209933,67026fc7ecd4c2068ffcbe57,103.0,0.0,-103.0,stg_live_mismatch
earn,69fc5d15ac611028acc7438d,67026fc7ecd4c2068ffcbe57,93.0,0.0,-93.0,stg_live_mismatch
earn,69fc5e8dd63d15a38432c90c,67026fc7ecd4c2068ffcbe57,68.0,0.0,-68.0,stg_live_mismatch
earn,69fc6452eca943f327ab365b,67026fc7ecd4c2068ffcbe57,129.0,0.0,-129.0,stg_live_mismatch
earn,6a1273555fe5d316a893a85f,67026fc7ecd4c2068ffcbe57,387.0,0.0,-387.0,stg_live_mismatch
earn,6a12745b54ed7a8d55a412a6,67026fc7ecd4c2068ffcbe57,137.0,0.0,-137.0,stg_live_mismatch
earn,6a1274a45fe5d316a893f9e9,67026fc7ecd4c2068ffcbe57,22.0,0.0,-22.0,stg_live_mismatch
earn,6a12756c47bff6b3df1c81dc,67026fc7ecd4c2068ffcbe57,264.0,0.0,-264.0,stg_live_mismatch
earn,6a12766a9227524ad83b25b3,67026fc7ecd4c2068ffcbe57,777.0,0.0,-777.0,stg_live_mismatch
earn,6a1276b392941f8ba97dab9a,67026fc7ecd4c2068ffcbe57,173.0,0.0,-173.0,stg_live_mismatch
earn,6a127773be88206b7bb3ee8f,67026fc7ecd4c2068ffcbe57,198.0,0.0,-198.0,stg_live_mismatch
earn,6a12a1cd79dca872f69d972f,67026fc7ecd4c2068ffcbe57,167.0,0.0,-167.0,stg_live_mismatch
earn,6a12a231b1eec37dc07ffa94,67026fc7ecd4c2068ffcbe57,81.0,0.0,-81.0,stg_live_mismatch
earn,6a12a288b1eec37dc08048f3,67026fc7ecd4c2068ffcbe57,264.0,0.0,-264.0,stg_live_mismatch
earn,6a12a320c9a195fa87b7c006,67026fc7ecd4c2068ffcbe57,121.0,0.0,-121.0,stg_live_mismatch
earn,6a12ac8df3e888e4f2324607,67026fc7ecd4c2068ffcbe57,159.0,0.0,-159.0,stg_live_mismatch
earn,6a12b115be88206b7bd5350b,67026fc7ecd4c2068ffcbe57,15.0,0.0,-15.0,stg_live_mismatch
earn,6a20f2998703a37c05089622,67026fc7ecd4c2068ffcbe57,432.0,0.0,-432.0,stg_live_mismatch
earn,6a20f36e28692beaa399869b,67026fc7ecd4c2068ffcbe57,459.0,0.0,-459.0,stg_live_mismatch
earn,6a20f52e9600da32e81042af,67026fc7ecd4c2068ffcbe57,63.0,0.0,-63.0,stg_live_mismatch
earn,6a20f59d2018a43266c71683,67026fc7ecd4c2068ffcbe57,54.0,0.0,-54.0,stg_live_mismatch
earn,6a20f5cf2018a43266c71f7a,67026fc7ecd4c2068ffcbe57,100.0,0.0,-100.0,stg_live_mismatch
earn,6a20f61b2018a43266c72b13,67026fc7ecd4c2068ffcbe57,54.0,0.0,-54.0,stg_live_mismatch
earn,6a20f65e7e88410be9f8f35b,67026fc7ecd4c2068ffcbe57,12.0,0.0,-12.0,stg_live_mismatch
earn,6a20fa667eaf2812712b37b3,67026fc7ecd4c2068ffcbe57,25.0,0.0,-25.0,stg_live_mismatch
earn,6a20fb267e88410be9f9cf49,67026fc7ecd4c2068ffcbe57,243.0,0.0,-243.0,stg_live_mismatch
earn,6a20fb552f2075bd955fce90,67026fc7ecd4c2068ffcbe57,138.0,0.0,-138.0,stg_live_mismatch
earn,6a20fba58703a37c0509cc46,67026fc7ecd4c2068ffcbe57,25.0,0.0,-25.0,stg_live_mismatch
earn,6a20fbe07e88410be9f9ebb7,67026fc7ecd4c2068ffcbe57,25.0,0.0,-25.0,stg_live_mismatch
earn,6a2bafdb35aaf3d460d10047,67026fc7ecd4c2068ffcbe57,281.0,0.0,-281.0,stg_live_mismatch
earn,6a2bb054535636b6a84a2efc,67026fc7ecd4c2068ffcbe57,127.0,0.0,-127.0,stg_live_mismatch
earn,6a2bb0e72c770e70055f1afe,67026fc7ecd4c2068ffcbe57,1069.0,0.0,-1069.0,stg_live_mismatch
earn,6a3b7384dd83b14f6183c89e,67026fc7ecd4c2068ffcbe57,627.0,0.0,-627.0,stg_live_mismatch
earn,6a3b74747277a7b8a9e595a2,67026fc7ecd4c2068ffcbe57,413.0,0.0,-413.0,stg_live_mismatch
earn,6a3b74d03e3adc6819c617bb,67026fc7ecd4c2068ffcbe57,131.0,0.0,-131.0,stg_live_mismatch
earn,6a452c8e47e65303a2277cd8,67026fc7ecd4c2068ffcbe57,1554.0,584.0,-970.0,stg_live_mismatch
earn,697db68d14aa6ee5300357b6,679b5621738c06b72462eb29,160.0,0.0,-160.0,stg_live_mismatch
earn,697db6f79a6cba2beebd4313,679b5621738c06b72462eb29,167.0,0.0,-167.0,stg_live_mismatch
earn,697db74c286bc0d64df030a6,679b5621738c06b72462eb29,285.0,0.0,-285.0,stg_live_mismatch
earn,698011cffe73f6468db06c29,679b5621738c06b72462eb29,451.0,0.0,-451.0,stg_live_mismatch
earn,698161db76dbd77bb1a6657f,679b5621738c06b72462eb29,900.0,0.0,-900.0,stg_live_mismatch
earn,6981622314ccf628144b5a59,679b5621738c06b72462eb29,234.0,0.0,-234.0,stg_live_mismatch
earn,698162f1e743aa2cc3a346f0,679b5621738c06b72462eb29,349.0,0.0,-349.0,stg_live_mismatch
earn,69a01964f551c932b6816193,679b5621738c06b72462eb29,23.0,0.0,-23.0,stg_live_mismatch
earn,69a019a1828b5a5dd0134876,679b5621738c06b72462eb29,5.0,0.0,-5.0,stg_live_mismatch
earn,69a01a89cf73e7435623be87,679b5621738c06b72462eb29,206.0,0.0,-206.0,stg_live_mismatch
earn,69a01af07723a22da4ecb943,679b5621738c06b72462eb29,59.0,0.0,-59.0,stg_live_mismatch
earn,69a01b75d8840ba4eb3e323b,679b5621738c06b72462eb29,325.0,0.0,-325.0,stg_live_mismatch
earn,69a26a5485e462f9b46effb7,679b5621738c06b72462eb29,72.0,0.0,-72.0,stg_live_mismatch
earn,69a26aa3197d2bc163d3244c,679b5621738c06b72462eb29,100.0,0.0,-100.0,stg_live_mismatch
earn,69a26b60197d2bc163d35316,679b5621738c06b72462eb29,1129.0,0.0,-1129.0,stg_live_mismatch
earn,69a26daf10fbdf8aa901bb7d,679b5621738c06b72462eb29,58.0,0.0,-58.0,stg_live_mismatch
earn,69a26de5ec56ff5141890d12,679b5621738c06b72462eb29,26.0,0.0,-26.0,stg_live_mismatch
earn,69a26e910b4dedc875a8ded0,679b5621738c06b72462eb29,125.0,0.0,-125.0,stg_live_mismatch
earn,69a26f9110fbdf8aa9027445,679b5621738c06b72462eb29,316.0,0.0,-316.0,stg_live_mismatch
earn,69a2776598a52400a0c1f844,679b5621738c06b72462eb29,95.0,0.0,-95.0,stg_live_mismatch
earn,69a2780d10fbdf8aa9058dd2,679b5621738c06b72462eb29,246.0,0.0,-246.0,stg_live_mismatch
earn,69aaab8bfcd977ebba15f45b,679b5621738c06b72462eb29,1447.0,0.0,-1447.0,stg_live_mismatch
earn,69b906d9f5f9cfaed98149ba,679b5621738c06b72462eb29,69.0,0.0,-69.0,stg_live_mismatch
earn,69b90736bdc989517870f55f,679b5621738c06b72462eb29,39.0,0.0,-39.0,stg_live_mismatch
earn,69b9079187dc7335821eacca,679b5621738c06b72462eb29,75.0,0.0,-75.0,stg_live_mismatch
earn,69b907f74121d8f98a494b7d,679b5621738c06b72462eb29,48.0,0.0,-48.0,stg_live_mismatch
earn,69b908f3f86059f5544d52fa,679b5621738c06b72462eb29,89.0,0.0,-89.0,stg_live_mismatch
earn,69b9096f23a6af838ce79f9e,679b5621738c06b72462eb29,49.0,0.0,-49.0,stg_live_mismatch
earn,69b90a5c19b751ac4de87558,679b5621738c06b72462eb29,119.0,0.0,-119.0,stg_live_mismatch
earn,69b90b149af23d145221ec97,679b5621738c06b72462eb29,596.0,0.0,-596.0,stg_live_mismatch
earn,69c22522fd4e859440a966e1,679b5621738c06b72462eb29,114.0,0.0,-114.0,stg_live_mismatch
earn,69c22636716f44fd8e6919bc,679b5621738c06b72462eb29,257.0,0.0,-257.0,stg_live_mismatch
earn,69c226a179734fe15ee951d3,679b5621738c06b72462eb29,69.0,0.0,-69.0,stg_live_mismatch
earn,69c227193c8b50975f967066,679b5621738c06b72462eb29,18.0,0.0,-18.0,stg_live_mismatch
earn,69c22ea1716f44fd8e6a4201,679b5621738c06b72462eb29,112.0,0.0,-112.0,stg_live_mismatch
earn,69c22f58f8267429d397b26b,679b5621738c06b72462eb29,596.0,0.0,-596.0,stg_live_mismatch
earn,69c2331ea210eaac3b2d497c,679b5621738c06b72462eb29,32.0,0.0,-32.0,stg_live_mismatch
earn,69c23396fd4e859440ab6bbb,679b5621738c06b72462eb29,82.0,0.0,-82.0,stg_live_mismatch
earn,69c4e7c4ee2a2779acb2e172,679b5621738c06b72462eb29,12.0,0.0,-12.0,stg_live_mismatch
earn,69c4e83661f1323bb561ae19,679b5621738c06b72462eb29,357.0,0.0,-357.0,stg_live_mismatch
earn,69c79cf059216d8deb234c71,679b5621738c06b72462eb29,1084.0,0.0,-1084.0,stg_live_mismatch
earn,69ca4e39d8d14e870a381a28,679b5621738c06b72462eb29,292.0,0.0,-292.0,stg_live_mismatch
earn,69ca4eb8576489b3556bb105,679b5621738c06b72462eb29,357.0,0.0,-357.0,stg_live_mismatch
earn,69cf8d4517d25c397f672bdc,679b5621738c06b72462eb29,116.0,0.0,-116.0,stg_live_mismatch
earn,69cf8dcaa0c99234aefe9bb3,679b5621738c06b72462eb29,745.0,0.0,-745.0,stg_live_mismatch
earn,69cf8e1f5f20a1712b1e4cf2,679b5621738c06b72462eb29,168.0,0.0,-168.0,stg_live_mismatch
earn,69d1c94d41b8652c99f46e18,679b5621738c06b72462eb29,596.0,0.0,-596.0,stg_live_mismatch
earn,69d23ca94c4e9896cceb4ae6,679b5621738c06b72462eb29,357.0,0.0,-357.0,stg_live_mismatch
earn,69d4780628523860e73ea3e1,679b5621738c06b72462eb29,122.0,0.0,-122.0,stg_live_mismatch
earn,69d47914c6c21ee290f0af36,679b5621738c06b72462eb29,345.0,0.0,-345.0,stg_live_mismatch
earn,69eb13b83d1e2f293f65cc3f,679b5621738c06b72462eb29,77.0,0.0,-77.0,stg_live_mismatch
earn,69eb14563d1e2f293f6603a2,679b5621738c06b72462eb29,29.0,0.0,-29.0,stg_live_mismatch
earn,69eb147d18f6eb51e7f6aa69,679b5621738c06b72462eb29,198.0,0.0,-198.0,stg_live_mismatch
earn,69eb14a8d0d6ec53d3f82607,679b5621738c06b72462eb29,52.0,0.0,-52.0,stg_live_mismatch
earn,69eb14d1f988b0931d5d8b87,679b5621738c06b72462eb29,36.0,0.0,-36.0,stg_live_mismatch
earn,69eb14f4c9b7b2e9b1422952,679b5621738c06b72462eb29,21.0,0.0,-21.0,stg_live_mismatch
earn,69eb15213d1e2f293f664265,679b5621738c06b72462eb29,350.0,0.0,-350.0,stg_live_mismatch
earn,69eb1dd0c2501d3af90b77f4,679b5621738c06b72462eb29,91.0,0.0,-91.0,stg_live_mismatch
earn,69eb1fec9e87f552f3f26e47,679b5621738c06b72462eb29,50.0,0.0,-50.0,stg_live_mismatch
earn,69eb202de23b93d51eec91e3,679b5621738c06b72462eb29,82.0,0.0,-82.0,stg_live_mismatch
earn,69eb208ce23b93d51eecbef2,679b5621738c06b72462eb29,12.0,0.0,-12.0,stg_live_mismatch
earn,69ef2a83c70206c4cbf19727,679b5621738c06b72462eb29,44.0,0.0,-44.0,stg_live_mismatch
earn,69ef2b8d9e46742f98b1d172,679b5621738c06b72462eb29,45.0,0.0,-45.0,stg_live_mismatch
earn,69ef2bc09e46742f98b1f5ee,679b5621738c06b72462eb29,698.0,0.0,-698.0,stg_live_mismatch
earn,69f6f7b6dbd6f733c8f7cdbb,679b5621738c06b72462eb29,89.0,0.0,-89.0,stg_live_mismatch
earn,69f6fd80b23999c4a3dcb884,679b5621738c06b72462eb29,341.0,0.0,-341.0,stg_live_mismatch
earn,69f700500cc7dfd7c9bb8af2,679b5621738c06b72462eb29,608.0,0.0,-608.0,stg_live_mismatch
earn,69fdc02c1fe58342702e6df4,679b5621738c06b72462eb29,51.0,0.0,-51.0,stg_live_mismatch
earn,69fdc14a1f24f920e17b0c26,679b5621738c06b72462eb29,146.0,0.0,-146.0,stg_live_mismatch
earn,69fdc1bf8fc1bac0c0203ee0,679b5621738c06b72462eb29,346.0,0.0,-346.0,stg_live_mismatch
earn,6a0834eaaacdb287133da472,679b5621738c06b72462eb29,139.0,0.0,-139.0,stg_live_mismatch
earn,6a0837baae7dff516454fd09,679b5621738c06b72462eb29,42.0,0.0,-42.0,stg_live_mismatch
earn,6a083c49a135206c87825067,679b5621738c06b72462eb29,96.0,0.0,-96.0,stg_live_mismatch
earn,6a1815dd00f24514d0f2105a,679b5621738c06b72462eb29,285.0,0.0,-285.0,stg_live_mismatch
earn,6a18168c698b7b45bf12222a,679b5621738c06b72462eb29,357.0,0.0,-357.0,stg_live_mismatch
earn,6a1816e5fc1e5001e70c7679,679b5621738c06b72462eb29,18.0,0.0,-18.0,stg_live_mismatch
earn,6a1817aaa374c807c42e71bc,679b5621738c06b72462eb29,163.0,0.0,-163.0,stg_live_mismatch
earn,6a1a7df275539c2946089edd,679b5621738c06b72462eb29,58.0,0.0,-58.0,stg_live_mismatch
earn,6a1a7e33c75bf80ed3a37db7,679b5621738c06b72462eb29,119.0,0.0,-119.0,stg_live_mismatch
earn,6a1a7f8c2330dd029e9cee5d,679b5621738c06b72462eb29,35.0,0.0,-35.0,stg_live_mismatch
earn,6a1a80457d99365226f60dab,679b5621738c06b72462eb29,260.0,0.0,-260.0,stg_live_mismatch
earn,6a20e7afeb6337eb9d403e22,679b5621738c06b72462eb29,1469.0,0.0,-1469.0,stg_live_mismatch
earn,6a22882d50b87cb27c44dcb8,679b5621738c06b72462eb29,148.0,0.0,-148.0,stg_live_mismatch
earn,6a23e4dc77c74255ea4ff0b9,679b5621738c06b72462eb29,606.0,0.0,-606.0,stg_live_mismatch
earn,6a28f06304c35cd4002119d2,679b5621738c06b72462eb29,379.0,0.0,-379.0,stg_live_mismatch
earn,6a2aad650e1aaf9bfe0e3efe,679b5621738c06b72462eb29,54.0,0.0,-54.0,stg_live_mismatch
earn,6a32a856514feb10ca74f887,679b5621738c06b72462eb29,108.0,0.0,-108.0,stg_live_mismatch
earn,6a32a8af811fc9ce3fcb2e19,679b5621738c06b72462eb29,262.0,0.0,-262.0,stg_live_mismatch
earn,6a3f2fe6ca1b525fb09b5c8a,679b5621738c06b72462eb29,227.0,0.0,-227.0,stg_live_mismatch
earn,6a3f8641af695535b2bf565b,679b5621738c06b72462eb29,414.0,0.0,-414.0,stg_live_mismatch
earn,6a3f90ad91a7a7e066961213,679b5621738c06b72462eb29,104.0,0.0,-104.0,stg_live_mismatch
earn,6a40b73bffd9b34c7de7c7d0,679b5621738c06b72462eb29,85.0,0.0,-85.0,stg_live_mismatch
earn,6a423cff51bdc009365864ea,679b5621738c06b72462eb29,209.0,0.0,-209.0,stg_live_mismatch
earn,6a466022bb6040c805c2a481,679b5621738c06b72462eb29,51.0,0.0,-51.0,stg_live_mismatch
earn,6a46608376d3f269041c861d,679b5621738c06b72462eb29,30.0,0.0,-30.0,stg_live_mismatch
earn,6a4660d676d3f269041d4a45,679b5621738c06b72462eb29,78.0,0.0,-78.0,stg_live_mismatch
earn,6a479f1d469b0a1342436678,679b5621738c06b72462eb29,175.0,0.0,-175.0,stg_live_mismatch
earn,6a48b6ebec56e69fb3b41c19,679b5621738c06b72462eb29,44.0,0.0,-44.0,stg_live_mismatch
earn,6a48b8ca761f16aab6891fb5,679b5621738c06b72462eb29,52.0,0.0,-52.0,stg_live_mismatch
earn,69e1d5296d07151225bff18a,6805c2ca234f173997c1367c,408.0,0.0,-408.0,stg_live_mismatch
earn,69e20942bfbcd94d287b2747,6805c2ca234f173997c1367c,1197.0,0.0,-1197.0,stg_live_mismatch
earn,69e9e38f66c5572a6aed9a07,6805c2ca234f173997c1367c,10000.0,0.0,-10000.0,stg_live_mismatch
earn,69e9e3d166c5572a6aedaefb,6805c2ca234f173997c1367c,930.0,0.0,-930.0,stg_live_mismatch
earn,69e9fc82e11914ba489241a8,6805c2ca234f173997c1367c,975.0,0.0,-975.0,stg_live_mismatch
earn,69f1cc9e14067b59637ce57c,6805c2ca234f173997c1367c,822.0,0.0,-822.0,stg_live_mismatch
earn,69f1dcc87b311ec4499a71ea,6805c2ca234f173997c1367c,138.0,0.0,-138.0,stg_live_mismatch
earn,69f20fab480c347eb81ebd8e,6805c2ca234f173997c1367c,325.0,0.0,-325.0,stg_live_mismatch
earn,69f21d5ca67cc5a27425a32b,6805c2ca234f173997c1367c,648.0,0.0,-648.0,stg_live_mismatch
earn,69f2f8313449749e26f8d666,6805c2ca234f173997c1367c,2870.0,0.0,-2870.0,stg_live_mismatch
earn,69f9bfc075fceec99350c6e2,6805c2ca234f173997c1367c,9780.0,0.0,-9780.0,stg_live_mismatch
earn,69faa11dbaec6f1d69a1bc90,6805c2ca234f173997c1367c,818.0,0.0,-818.0,stg_live_mismatch
earn,69fc65c4e42e0f5c7ffa43ad,6805c2ca234f173997c1367c,6451.0,0.0,-6451.0,stg_live_mismatch
earn,69feae94e9c8ea9827d7ac14,6805c2ca234f173997c1367c,2400.0,0.0,-2400.0,stg_live_mismatch
earn,6a0c123e63505b78c9ce12da,6805c2ca234f173997c1367c,1120.0,0.0,-1120.0,stg_live_mismatch
earn,6a0d192c47f363b1fdbf77ef,6805c2ca234f173997c1367c,347.0,0.0,-347.0,stg_live_mismatch
earn,6a0d2151189053fe8fc6983d,6805c2ca234f173997c1367c,488.0,0.0,-488.0,stg_live_mismatch
earn,6a0d2fab6be4b2b37ad79133,6805c2ca234f173997c1367c,620.0,0.0,-620.0,stg_live_mismatch
earn,6a0d8ca0e15e54d03e778e6c,6805c2ca234f173997c1367c,342.0,0.0,-342.0,stg_live_mismatch
earn,6a0ec26f475e4bdc3b9bd644,6805c2ca234f173997c1367c,2230.0,0.0,-2230.0,stg_live_mismatch
earn,6a0ef347d31efdab4a1c2549,6805c2ca234f173997c1367c,1750.0,0.0,-1750.0,stg_live_mismatch
earn,6a13bfa3d53910c36042b0ab,6805c2ca234f173997c1367c,1287.0,0.0,-1287.0,stg_live_mismatch
earn,6a1553802ab134e8c6cc9e1b,6805c2ca234f173997c1367c,1490.0,0.0,-1490.0,stg_live_mismatch
earn,6a15b5694b4b7114942e123c,6805c2ca234f173997c1367c,774.0,0.0,-774.0,stg_live_mismatch
earn,6a15b7da8b4c4ef2299d69bb,6805c2ca234f173997c1367c,620.0,0.0,-620.0,stg_live_mismatch
earn,6a168c08a16b7c0ca6d7fac1,6805c2ca234f173997c1367c,2100.0,0.0,-2100.0,stg_live_mismatch
earn,6a168d760c31587ffdb0e493,6805c2ca234f173997c1367c,425.0,0.0,-425.0,stg_live_mismatch
earn,6a16a8b92b99987da471dffc,6805c2ca234f173997c1367c,490.0,0.0,-490.0,stg_live_mismatch
earn,6a16ca1e3ba4eb07cbc663b1,6805c2ca234f173997c1367c,1830.0,0.0,-1830.0,stg_live_mismatch
earn,6a16cb2359d7dceb1e97fef5,6805c2ca234f173997c1367c,875.0,0.0,-875.0,stg_live_mismatch
earn,6a16cb76b704395ee9a6de62,6805c2ca234f173997c1367c,4677.0,0.0,-4677.0,stg_live_mismatch
earn,6a16cbbce668655bfe7e5010,6805c2ca234f173997c1367c,2100.0,0.0,-2100.0,stg_live_mismatch
earn,6a1963d7e2633a2f9f9ba479,6805c2ca234f173997c1367c,68.0,0.0,-68.0,stg_live_mismatch
earn,6a196ba53249d9aa9668bd5a,6805c2ca234f173997c1367c,180.0,0.0,-180.0,stg_live_mismatch
earn,6a197078d0daa68c24c567ed,6805c2ca234f173997c1367c,220.0,0.0,-220.0,stg_live_mismatch
earn,6a1d1856025675b0ec1f3c34,6805c2ca234f173997c1367c,488.0,0.0,-488.0,stg_live_mismatch
earn,6a1d5f95c61fa62ca0117f73,6805c2ca234f173997c1367c,2325.0,0.0,-2325.0,stg_live_mismatch
earn,6a1e76953d9d10a1165c5cc1,6805c2ca234f173997c1367c,1309.0,0.0,-1309.0,stg_live_mismatch
earn,6a21404a28692beaa3ac683c,6805c2ca234f173997c1367c,4323.0,0.0,-4323.0,stg_live_mismatch
earn,6a2682cf69189561a06485ce,6805c2ca234f173997c1367c,2052.0,0.0,-2052.0,stg_live_mismatch
earn,6a26e39569189561a0804a9d,6805c2ca234f173997c1367c,1700.0,0.0,-1700.0,stg_live_mismatch
earn,6a27b659795432f0437befb1,6805c2ca234f173997c1367c,452.0,0.0,-452.0,stg_live_mismatch
earn,6a28de9c50908cbac47dead8,6805c2ca234f173997c1367c,1725.0,0.0,-1725.0,stg_live_mismatch
earn,6a2a870104f2ac59c6e9a6d7,6805c2ca234f173997c1367c,1319.0,0.0,-1319.0,stg_live_mismatch
earn,6a2a8c828748b23eb358093a,6805c2ca234f173997c1367c,343.0,0.0,-343.0,stg_live_mismatch
earn,6a2a8dbf901a5b62fe2bb8e2,6805c2ca234f173997c1367c,1240.0,0.0,-1240.0,stg_live_mismatch
earn,6a2bb272e7b8316aafc8fdf4,6805c2ca234f173997c1367c,480.0,0.0,-480.0,stg_live_mismatch
earn,6a2bbeb920f3d91de131ae78,6805c2ca234f173997c1367c,1800.0,0.0,-1800.0,stg_live_mismatch
earn,6a30d0dd9c8f07f93166dafe,6805c2ca234f173997c1367c,5621.0,0.0,-5621.0,stg_live_mismatch
earn,6a30f9d154b4a9b9b06da4df,6805c2ca234f173997c1367c,3960.0,0.0,-3960.0,stg_live_mismatch
earn,6a3123385847b2aea9926b2d,6805c2ca234f173997c1367c,375.0,0.0,-375.0,stg_live_mismatch
earn,6a3123749c8f07f931896d70,6805c2ca234f173997c1367c,261.0,0.0,-261.0,stg_live_mismatch
earn,6a33cb90760872c2755c8629,6805c2ca234f173997c1367c,360.0,0.0,-360.0,stg_live_mismatch
earn,6a35122ea7ac74cc6c54616a,6805c2ca234f173997c1367c,351.0,0.0,-351.0,stg_live_mismatch
earn,6a3512ac25ff3acdf3d8e913,6805c2ca234f173997c1367c,850.0,0.0,-850.0,stg_live_mismatch
earn,6a351d57576c526d7a7a3412,6805c2ca234f173997c1367c,1325.0,0.0,-1325.0,stg_live_mismatch
earn,6a361f7e5c7b581c13aee84a,6805c2ca234f173997c1367c,537.0,0.0,-537.0,stg_live_mismatch
earn,6a366eadd3e8bfba9b1dc91d,6805c2ca234f173997c1367c,969.0,0.0,-969.0,stg_live_mismatch
earn,6a3b761e1b146b43ced62a5b,6805c2ca234f173997c1367c,6925.0,4957.0,-1968.0,stg_live_mismatch
earn,69d1cd3b43e16c4e87fcb603,68dbfe9263e4b4136140fa46,21.0,0.0,-21.0,stg_live_mismatch
earn,69d1cd78523d359c1db159c9,68dbfe9263e4b4136140fa46,2327.0,0.0,-2327.0,stg_live_mismatch
earn,69d5e1a5a0ada4638aef2dd8,68dbfe9263e4b4136140fa46,270.0,0.0,-270.0,stg_live_mismatch
earn,69d7ac874015541ab1425362,68dbfe9263e4b4136140fa46,100.0,0.0,-100.0,stg_live_mismatch
earn,69dcc335e1b30672601cc6ee,68dbfe9263e4b4136140fa46,59.0,0.0,-59.0,stg_live_mismatch
earn,69dcc3a5f2daf422dbd27a04,68dbfe9263e4b4136140fa46,144.0,0.0,-144.0,stg_live_mismatch
earn,69de1d198a583cbecca0150b,68dbfe9263e4b4136140fa46,852.0,0.0,-852.0,stg_live_mismatch
earn,69e08b946c49be76990a8156,68dbfe9263e4b4136140fa46,113.0,0.0,-113.0,stg_live_mismatch
earn,69e7346f22a7194a3d594007,68dbfe9263e4b4136140fa46,137.0,0.0,-137.0,stg_live_mismatch
earn,69e734baac3b49a8d171bff2,68dbfe9263e4b4136140fa46,114.0,0.0,-114.0,stg_live_mismatch
earn,6a0976caf0673006b34ba16a,68dbfe9263e4b4136140fa46,121.0,0.0,-121.0,stg_live_mismatch
earn,6a0977122ab134e8c645a49e,68dbfe9263e4b4136140fa46,464.0,0.0,-464.0,stg_live_mismatch
earn,6a0e915e8a2e3ebe86e4a085,68dbfe9263e4b4136140fa46,120.0,0.0,-120.0,stg_live_mismatch
earn,6a0eb2f6475e4bdc3b971c73,68dbfe9263e4b4136140fa46,314.0,0.0,-314.0,stg_live_mismatch
earn,6a0eb35710a589ffa4a41670,68dbfe9263e4b4136140fa46,181.0,0.0,-181.0,stg_live_mismatch
earn,69cf483e1b74ece0cffe393b,69a141e528fa02e24cb7f910,5.0,0.0,-5.0,stg_live_mismatch
earn,69cf49a6d0bff57c57c21f6c,69a141e528fa02e24cb7f910,99.0,0.0,-99.0,stg_live_mismatch
earn,69cf7dacd0bff57c57cb5b58,69a141e528fa02e24cb7f910,240.0,0.0,-240.0,stg_live_mismatch
earn,69cf7fe21a6a614ce8223c4d,69a141e528fa02e24cb7f910,430.0,0.0,-430.0,stg_live_mismatch
earn,69d09bc1d6b831041edaadd6,69a141e528fa02e24cb7f910,240.0,0.0,-240.0,stg_live_mismatch
earn,69d340510f6260a12ca29a11,69a141e528fa02e24cb7f910,402.0,0.0,-402.0,stg_live_mismatch
earn,69d340a3aa1aa6457154a613,69a141e528fa02e24cb7f910,59.0,0.0,-59.0,stg_live_mismatch
earn,69d38becfa87382aecacb765,69a141e528fa02e24cb7f910,108.0,0.0,-108.0,stg_live_mismatch
earn,69d638870c82a9b345484a69,69a141e528fa02e24cb7f910,320.0,0.0,-320.0,stg_live_mismatch
earn,69d638f1f4d6218e5f331e4f,69a141e528fa02e24cb7f910,82.0,0.0,-82.0,stg_live_mismatch
earn,69d7250a262a4c2c2730b6e1,69a141e528fa02e24cb7f910,59.0,0.0,-59.0,stg_live_mismatch
earn,69d72563e17223f44b18ffa8,69a141e528fa02e24cb7f910,78.0,0.0,-78.0,stg_live_mismatch
earn,69d773b58195351197584cb8,69a141e528fa02e24cb7f910,82.0,0.0,-82.0,stg_live_mismatch
earn,69d8814f08e30935436b5bff,69a141e528fa02e24cb7f910,54.0,0.0,-54.0,stg_live_mismatch
earn,69d88340515840546742812f,69a141e528fa02e24cb7f910,120.0,0.0,-120.0,stg_live_mismatch
earn,69d8c43045f4d8062b974de1,69a141e528fa02e24cb7f910,57.0,0.0,-57.0,stg_live_mismatch
earn,69d8d366b9cdb903b50f2258,69a141e528fa02e24cb7f910,72.0,0.0,-72.0,stg_live_mismatch
earn,69df3fb3344e9b075779530f,69a141e528fa02e24cb7f910,103.0,0.0,-103.0,stg_live_mismatch
earn,69e06e827feefcef9c76a833,69a141e528fa02e24cb7f910,13.0,0.0,-13.0,stg_live_mismatch
earn,69e0b3add47b7871fe4d2959,69a141e528fa02e24cb7f910,19.0,0.0,-19.0,stg_live_mismatch
earn,69e0b441e10abdd3529561c0,69a141e528fa02e24cb7f910,18.0,0.0,-18.0,stg_live_mismatch
earn,69e1d3d1179d182ce23eda53,69a141e528fa02e24cb7f910,236.0,0.0,-236.0,stg_live_mismatch
earn,69e35233abe6b3c8d8d103ba,69a141e528fa02e24cb7f910,46.0,0.0,-46.0,stg_live_mismatch
earn,69e352adb3e8807a76d0f4dc,69a141e528fa02e24cb7f910,30.0,0.0,-30.0,stg_live_mismatch
earn,69e35b8326600de4b8b1f326,69a141e528fa02e24cb7f910,18.0,0.0,-18.0,stg_live_mismatch
earn,69e35bbbd602cd13c243e546,69a141e528fa02e24cb7f910,18.0,0.0,-18.0,stg_live_mismatch
earn,69e35c2c2ad1a02499de16f1,69a141e528fa02e24cb7f910,6.0,0.0,-6.0,stg_live_mismatch
earn,69f0535652528765beb58a05,69a141e528fa02e24cb7f910,54.0,0.0,-54.0,stg_live_mismatch
earn,69f0544b38115c3d4c017a5a,69a141e528fa02e24cb7f910,13.0,0.0,-13.0,stg_live_mismatch
earn,69f0566752528765beb674d2,69a141e528fa02e24cb7f910,24.0,0.0,-24.0,stg_live_mismatch
earn,69f8742c7c05a740a5ada3d1,69a141e528fa02e24cb7f910,48.0,0.0,-48.0,stg_live_mismatch
earn,69f874c0374266e19f0dd329,69a141e528fa02e24cb7f910,6.0,0.0,-6.0,stg_live_mismatch
earn,69f874f415448b72a27a02ff,69a141e528fa02e24cb7f910,6.0,0.0,-6.0,stg_live_mismatch
earn,69f87532965fcf055c5d4486,69a141e528fa02e24cb7f910,6.0,0.0,-6.0,stg_live_mismatch
earn,69f875733d1547e44fb3f6f3,69a141e528fa02e24cb7f910,54.0,0.0,-54.0,stg_live_mismatch
earn,69f87644eddb16986378c8f6,69a141e528fa02e24cb7f910,233.0,0.0,-233.0,stg_live_mismatch
earn,69f876893d1547e44fb4bc43,69a141e528fa02e24cb7f910,55.0,0.0,-55.0,stg_live_mismatch
earn,69f87711ea5f384642c1e849,69a141e528fa02e24cb7f910,24.0,0.0,-24.0,stg_live_mismatch
earn,69f9c0b9227443c3e9450f52,69a141e528fa02e24cb7f910,28.0,0.0,-28.0,stg_live_mismatch
earn,69f9c15c789d48a9f2db20a7,69a141e528fa02e24cb7f910,36.0,0.0,-36.0,stg_live_mismatch
earn,69faad3892fd0de374a72a08,69a141e528fa02e24cb7f910,850.0,0.0,-850.0,stg_live_mismatch
earn,69fc6c8aeca943f327ae578c,69a141e528fa02e24cb7f910,30.0,0.0,-30.0,stg_live_mismatch
earn,69fc7172ae716dbfa7f12bb3,69a141e528fa02e24cb7f910,39.0,0.0,-39.0,stg_live_mismatch
earn,69fc7230d63d15a3843a3654,69a141e528fa02e24cb7f910,13.0,0.0,-13.0,stg_live_mismatch
earn,69fc7289ac611028accf4b8f,69a141e528fa02e24cb7f910,36.0,0.0,-36.0,stg_live_mismatch
earn,6a02fcf3c3062d7431f5a74f,69a141e528fa02e24cb7f910,660.0,0.0,-660.0,stg_live_mismatch
earn,6a03e8dcf4612623affdd8e1,69a141e528fa02e24cb7f910,32.0,0.0,-32.0,stg_live_mismatch
earn,6a03eb36ff3f42374556540c,69a141e528fa02e24cb7f910,98.0,0.0,-98.0,stg_live_mismatch
earn,6a047ecad4879d0a6e0c003c,69a141e528fa02e24cb7f910,68.0,0.0,-68.0,stg_live_mismatch
earn,6a047f14b7640cf818b86c43,69a141e528fa02e24cb7f910,6.0,0.0,-6.0,stg_live_mismatch
earn,6a047ffcd4879d0a6e0c541d,69a141e528fa02e24cb7f910,13.0,0.0,-13.0,stg_live_mismatch
earn,6a058ea26511fc39a6a36133,69a141e528fa02e24cb7f910,96.0,0.0,-96.0,stg_live_mismatch
earn,6a07d6c82b4606053bedd894,69a141e528fa02e24cb7f910,1950.0,0.0,-1950.0,stg_live_mismatch
earn,6a0d760fe15e54d03e6ee6e0,69a141e528fa02e24cb7f910,26.0,0.0,-26.0,stg_live_mismatch
earn,6a213eb333e6cfbe018b73bf,69a141e528fa02e24cb7f910,105.0,0.0,-105.0,stg_live_mismatch
earn,6a23e291f02f890550259161,69a141e528fa02e24cb7f910,179.0,0.0,-179.0,stg_live_mismatch
earn,6a23e7b12dacec4857ec97ff,69a141e528fa02e24cb7f910,13.0,0.0,-13.0,stg_live_mismatch
earn,6a23ff0eeee91badc62cc920,69a141e528fa02e24cb7f910,22.0,0.0,-22.0,stg_live_mismatch
earn,6a26e08bb8d12b8065890664,69a141e528fa02e24cb7f910,210.0,0.0,-210.0,stg_live_mismatch
earn,6a31107654b4a9b9b0768fbe,69a141e528fa02e24cb7f910,63.0,0.0,-63.0,stg_live_mismatch
earn,6a311593fada47afca9389d0,69a141e528fa02e24cb7f910,66.0,0.0,-66.0,stg_live_mismatch
earn,6a337d302388fb84b26bdc3a,69a141e528fa02e24cb7f910,245.0,0.0,-245.0,stg_live_mismatch
earn,6a33c6231561ee588ee79f22,69a141e528fa02e24cb7f910,1008.0,0.0,-1008.0,stg_live_mismatch
earn,6a350c73763f3b8bce49cdd7,69a141e528fa02e24cb7f910,81.0,0.0,-81.0,stg_live_mismatch
earn,6a350e42763f3b8bce4ae505,69a141e528fa02e24cb7f910,35.0,0.0,-35.0,stg_live_mismatch
earn,6a352d44576c526d7a8652fb,69a141e528fa02e24cb7f910,270.0,0.0,-270.0,stg_live_mismatch
earn,6a352d865ac8a5b9d8200e26,69a141e528fa02e24cb7f910,165.0,0.0,-165.0,stg_live_mismatch
earn,6a352ea601a775d6f76bb4d5,69a141e528fa02e24cb7f910,168.0,0.0,-168.0,stg_live_mismatch
earn,6a361df3277238c3b4e496b1,69a141e528fa02e24cb7f910,345.0,0.0,-345.0,stg_live_mismatch
earn,6a361ed4840321d87ac510d5,69a141e528fa02e24cb7f910,220.0,0.0,-220.0,stg_live_mismatch
earn,6a366861d3e8bfba9b16515d,69a141e528fa02e24cb7f910,197.0,0.0,-197.0,stg_live_mismatch
earn,6a366958f77ce6caf709e2d3,69a141e528fa02e24cb7f910,660.0,0.0,-660.0,stg_live_mismatch
earn,6a3b8ff7d5591fbfa44df96a,69a141e528fa02e24cb7f910,6.0,0.0,-6.0,stg_live_mismatch
earn,6a3b922296a77811c7a087ae,69a141e528fa02e24cb7f910,110.0,0.0,-110.0,stg_live_mismatch
earn,6a3d03c4856eb94fcd8f1109,69a141e528fa02e24cb7f910,110.0,0.0,-110.0,stg_live_mismatch
earn,6a3e4f1c6c2ecb02267af681,69a141e528fa02e24cb7f910,55.0,0.0,-55.0,stg_live_mismatch
earn,6a3e4f911455b71330bd31c3,69a141e528fa02e24cb7f910,6.0,0.0,-6.0,stg_live_mismatch
earn,6a3e500705987c20f1fc0597,69a141e528fa02e24cb7f910,12.0,0.0,-12.0,stg_live_mismatch
earn,6a3e51961455b71330c0d472,69a141e528fa02e24cb7f910,55.0,0.0,-55.0,stg_live_mismatch
earn,6a42065a2832d2af7e72836b,69a141e528fa02e24cb7f910,18.0,0.0,-18.0,stg_live_mismatch
earn,6a4240c3f264a3fd7efd0885,69a141e528fa02e24cb7f910,21.0,0.0,-21.0,stg_live_mismatch
earn,6a42414b51bdc00936624c74,69a141e528fa02e24cb7f910,30.0,0.0,-30.0,stg_live_mismatch
earn,6a42842431473359d66b6c2b,69a141e528fa02e24cb7f910,86.0,0.0,-86.0,stg_live_mismatch
earn,69e6fc8722a7194a3d4941cc,69e5ea9143c778fca7e327a5,990.0,0.0,-990.0,stg_live_mismatch
earn,69e9f505a8f85b44bf72be82,69e5ea9143c778fca7e327a5,4950.0,0.0,-4950.0,stg_live_mismatch
earn,69f05207ead16dc869717cd0,69e5ea9143c778fca7e327a5,82.0,0.0,-82.0,stg_live_mismatch
earn,69f052abc57e4936cf519226,69e5ea9143c778fca7e327a5,1650.0,672.0,-978.0,stg_live_mismatch
earn,688855aa6e6754ba2a9b9a08,6583b8aaf8e9301fa214d75e,232.0,0.0,-232.0,stg_live_mismatch
earn,6888764b74e6b80c64179991,6583b8aaf8e9301fa214d75e,22.0,0.0,-22.0,stg_live_mismatch
earn,68e78a1d7c722b8b962ea9db,6583b8aaf8e9301fa214d75e,33.0,0.0,-33.0,stg_live_mismatch
earn,68e78a97d80fb46a6bf8d6ec,6583b8aaf8e9301fa214d75e,33.0,0.0,-33.0,stg_live_mismatch
earn,68e78ac9d80fb46a6bf91f90,6583b8aaf8e9301fa214d75e,25.0,0.0,-25.0,stg_live_mismatch
earn,68e78b3d08c0b2d6c503d92a,6583b8aaf8e9301fa214d75e,114.0,0.0,-114.0,stg_live_mismatch
earn,68e78c21440aa3c7dec2fd54,6583b8aaf8e9301fa214d75e,28.0,0.0,-28.0,stg_live_mismatch
earn,6917041f672663832313829a,6583b8aaf8e9301fa214d75e,238.0,0.0,-238.0,stg_live_mismatch
earn,69896911044b360208cd817e,6583b8aaf8e9301fa214d75e,24.0,0.0,-24.0,stg_live_mismatch
earn,6989698b1e2959b66a70bb15,6583b8aaf8e9301fa214d75e,117.0,0.0,-117.0,stg_live_mismatch
earn,69897bb8dc363a9cdec7ad25,6583b8aaf8e9301fa214d75e,117.0,0.0,-117.0,stg_live_mismatch
earn,699f0abaca55ec444685df97,6583b8aaf8e9301fa214d75e,69.0,0.0,-69.0,stg_live_mismatch
earn,699f0b6165826acb329869c6,6583b8aaf8e9301fa214d75e,24.0,0.0,-24.0,stg_live_mismatch
earn,699f0bc7e67dfb9f8514089b,6583b8aaf8e9301fa214d75e,93.0,0.0,-93.0,stg_live_mismatch
earn,69ca35eb3e2c32389c5f5905,6583b8aaf8e9301fa214d75e,232.0,0.0,-232.0,stg_live_mismatch
earn,69f5c334e789a76bf1cdde73,6583b8aaf8e9301fa214d75e,35.0,0.0,-35.0,stg_live_mismatch
earn,69f5c8081147872d71878f82,6583b8aaf8e9301fa214d75e,19.0,0.0,-19.0,stg_live_mismatch
earn,6a100a370621a594899397f5,6583b8aaf8e9301fa214d75e,95.0,0.0,-95.0,stg_live_mismatch
earn,6a100acb0621a5948993dd0a,6583b8aaf8e9301fa214d75e,349.0,0.0,-349.0,stg_live_mismatch
earn,6a100b69dab16043a5f8a081,6583b8aaf8e9301fa214d75e,219.0,0.0,-219.0,stg_live_mismatch
earn,6a100bb49a76fa07e03f2c0f,6583b8aaf8e9301fa214d75e,109.0,0.0,-109.0,stg_live_mismatch
earn,6a100c632ab134e8c685ffc3,6583b8aaf8e9301fa214d75e,76.0,0.0,-76.0,stg_live_mismatch
earn,6a166f803210f2fb0457766a,6583b8aaf8e9301fa214d75e,58.0,0.0,-58.0,stg_live_mismatch
earn,6a166ff1498fac3258c90d2e,6583b8aaf8e9301fa214d75e,42.0,0.0,-42.0,stg_live_mismatch
earn,6a16706a498fac3258c936d1,6583b8aaf8e9301fa214d75e,49.0,0.0,-49.0,stg_live_mismatch
earn,6a1670c38dc870e273b6dca0,6583b8aaf8e9301fa214d75e,290.0,0.0,-290.0,stg_live_mismatch
earn,6a18050c78522263635e3364,6583b8aaf8e9301fa214d75e,45.0,0.0,-45.0,stg_live_mismatch
earn,6a18055dfa7443f3c4028124,6583b8aaf8e9301fa214d75e,230.0,0.0,-230.0,stg_live_mismatch
earn,6a1a80652330dd029e9d5994,6583b8aaf8e9301fa214d75e,33.0,0.0,-33.0,stg_live_mismatch
earn,6a1ab883a5da8407f07e69e0,6583b8aaf8e9301fa214d75e,24.0,0.0,-24.0,stg_live_mismatch
earn,6a1ab91a4a836152448fbdc2,6583b8aaf8e9301fa214d75e,235.0,0.0,-235.0,stg_live_mismatch
earn,6a1ab99f7b21fe47a55683ee,6583b8aaf8e9301fa214d75e,19.0,0.0,-19.0,stg_live_mismatch
earn,6a1abace106784e7c6459018,6583b8aaf8e9301fa214d75e,43.0,0.0,-43.0,stg_live_mismatch
earn,6a1ee10a80a94793bddc0dfa,6583b8aaf8e9301fa214d75e,108.0,0.0,-108.0,stg_live_mismatch
earn,6a1ee228df5763d43170c9b8,6583b8aaf8e9301fa214d75e,253.0,0.0,-253.0,stg_live_mismatch
earn,6a1fe63e4eee4cf7ad48599e,6583b8aaf8e9301fa214d75e,103.0,0.0,-103.0,stg_live_mismatch
earn,6a2272b8c68981efcde5e933,6583b8aaf8e9301fa214d75e,57.0,0.0,-57.0,stg_live_mismatch
earn,6a22733583caf1374e069394,6583b8aaf8e9301fa214d75e,235.0,0.0,-235.0,stg_live_mismatch
earn,6a23e3d6c27bf89b41c34704,6583b8aaf8e9301fa214d75e,50.0,0.0,-50.0,stg_live_mismatch
earn,6a23e495d83d87a53f5d88a4,6583b8aaf8e9301fa214d75e,30.0,0.0,-30.0,stg_live_mismatch
earn,6a268742c5ae46c2c4a1b38e,6583b8aaf8e9301fa214d75e,22.0,0.0,-22.0,stg_live_mismatch
earn,6a268afbc5ae46c2c4a2b075,6583b8aaf8e9301fa214d75e,9.0,0.0,-9.0,stg_live_mismatch
earn,6a2916b904c35cd4002b42af,6583b8aaf8e9301fa214d75e,117.0,0.0,-117.0,stg_live_mismatch
earn,6a2917d4ee7e14af703815ff,6583b8aaf8e9301fa214d75e,162.0,0.0,-162.0,stg_live_mismatch
earn,6a2ab85b3099f6ec7965e558,6583b8aaf8e9301fa214d75e,162.0,0.0,-162.0,stg_live_mismatch
earn,6a2bb50cea686c1eb1d80db3,6583b8aaf8e9301fa214d75e,21.0,0.0,-21.0,stg_live_mismatch
earn,6a2bb5a5974c3d55e64305e7,6583b8aaf8e9301fa214d75e,75.0,0.0,-75.0,stg_live_mismatch
earn,6a2bb9814273267e64aed4ea,6583b8aaf8e9301fa214d75e,161.0,0.0,-161.0,stg_live_mismatch
earn,6a2d07af85cad07390726ced,6583b8aaf8e9301fa214d75e,143.0,79.0,-64.0,stg_live_mismatch
earn,69a16340e3b06cf1aaee697f,65e810a3a09d42f469aad503,274.0,0.0,-274.0,stg_live_mismatch
earn,69afb0bcc0bba3b73e88cb55,65e810a3a09d42f469aad503,90.0,0.0,-90.0,stg_live_mismatch
earn,69b11e3513b8a285ead1bb7a,65e810a3a09d42f469aad503,210.0,0.0,-210.0,stg_live_mismatch
earn,69b3e69bdaa057f310575191,65e810a3a09d42f469aad503,115.0,0.0,-115.0,stg_live_mismatch
earn,69bd1b29670f212ee8ece426,65e810a3a09d42f469aad503,180.0,0.0,-180.0,stg_live_mismatch
earn,69bd1e0164d4ad2183390001,65e810a3a09d42f469aad503,539.0,0.0,-539.0,stg_live_mismatch
earn,69c23c94daa9480015307ba7,65e810a3a09d42f469aad503,30.0,0.0,-30.0,stg_live_mismatch
earn,69c24056202d68989dd2fde2,65e810a3a09d42f469aad503,166.0,0.0,-166.0,stg_live_mismatch
earn,69c254c03f92860e133f781c,65e810a3a09d42f469aad503,420.0,0.0,-420.0,stg_live_mismatch
earn,69c39b26eced998d0f340282,65e810a3a09d42f469aad503,524.0,0.0,-524.0,stg_live_mismatch
earn,69c39d783463bd9303506622,65e810a3a09d42f469aad503,330.0,0.0,-330.0,stg_live_mismatch
earn,69c39eb1197cef6fad001bd6,65e810a3a09d42f469aad503,110.0,0.0,-110.0,stg_live_mismatch
earn,69c61ac4da415b7b2faeef94,65e810a3a09d42f469aad503,24.0,0.0,-24.0,stg_live_mismatch
earn,69c61b65828a18ec592cbe52,65e810a3a09d42f469aad503,228.0,0.0,-228.0,stg_live_mismatch
earn,69c61bce1ec94a101e69dca9,65e810a3a09d42f469aad503,24.0,0.0,-24.0,stg_live_mismatch
earn,69c6351f1ec94a101e6ec619,65e810a3a09d42f469aad503,12.0,0.0,-12.0,stg_live_mismatch
earn,69c7aba0bcdea126f92f69e2,65e810a3a09d42f469aad503,495.0,0.0,-495.0,stg_live_mismatch
earn,69d783c87770141739f252be,65e810a3a09d42f469aad503,200.0,0.0,-200.0,stg_live_mismatch
earn,69d783cc4015541ab1333bc9,65e810a3a09d42f469aad503,1050.0,0.0,-1050.0,stg_live_mismatch
earn,69d9b23ca60d201bb1f7fcfd,65e810a3a09d42f469aad503,275.0,0.0,-275.0,stg_live_mismatch
earn,69e1daf3f2ee420cd9d28294,65e810a3a09d42f469aad503,1560.0,0.0,-1560.0,stg_live_mismatch
earn,69e1ee86d37a846c3d396ec9,65e810a3a09d42f469aad503,55.0,0.0,-55.0,stg_live_mismatch
earn,69e7503408f50f7b21447177,65e810a3a09d42f469aad503,69.0,0.0,-69.0,stg_live_mismatch
earn,69e750ae66c5572a6a8ed851,65e810a3a09d42f469aad503,100.0,0.0,-100.0,stg_live_mismatch
earn,69e750ee22a7194a3d6213b2,65e810a3a09d42f469aad503,55.0,0.0,-55.0,stg_live_mismatch
earn,69e888a0032ccd01024e2a31,65e810a3a09d42f469aad503,100.0,0.0,-100.0,stg_live_mismatch
earn,69eecf015877052a25a7875e,65e810a3a09d42f469aad503,3100.0,2335.0,-765.0,stg_live_mismatch
earn,6819b2224ffc1b6592c8a36c,66bee1cd1a75105cebc22890,600.0,0.0,-600.0,stg_live_mismatch
earn,68241fa2b88af13d74a551f4,66bee1cd1a75105cebc22890,600.0,200.0,-400.0,stg_live_mismatch
earn,69423ccbe105f1ef50a2af09,67b549f6fb42c672d834fbc5,505.0,0.0,-505.0,stg_live_mismatch
earn,6944c5c5dacd8e4bd2a2a0ec,67b549f6fb42c672d834fbc5,210.0,0.0,-210.0,stg_live_mismatch
earn,6971f93080a95737a0d7daf5,67b549f6fb42c672d834fbc5,18.0,0.0,-18.0,stg_live_mismatch
earn,6972ef9e38765128bd65c982,67b549f6fb42c672d834fbc5,810.0,0.0,-810.0,stg_live_mismatch
earn,69807e0fefe18d25d2b5b8f3,67b549f6fb42c672d834fbc5,3595.0,0.0,-3595.0,stg_live_mismatch
earn,698e9a1e742f11e93adb8cae,67b549f6fb42c672d834fbc5,119.0,0.0,-119.0,stg_live_mismatch
earn,699812aa814e169f975a8735,67b549f6fb42c672d834fbc5,807.0,0.0,-807.0,stg_live_mismatch
earn,69af9c9d39f8e11780122e28,67b549f6fb42c672d834fbc5,24.0,0.0,-24.0,stg_live_mismatch
earn,69b2eb25843def8f8672f53c,67b549f6fb42c672d834fbc5,333.0,0.0,-333.0,stg_live_mismatch
earn,69b793eaf8267429d3ad2603,67b549f6fb42c672d834fbc5,1990.0,0.0,-1990.0,stg_live_mismatch
earn,69d76f2be17223f44b3020bd,67b549f6fb42c672d834fbc5,500.0,321.0,-179.0,stg_live_mismatch
earn,69d765bce17223f44b2d445a,67d156965cc4f811778f0732,2681.0,0.0,-2681.0,stg_live_mismatch
earn,69d7662f7770141739e75a37,67d156965cc4f811778f0732,273.0,0.0,-273.0,stg_live_mismatch
earn,69fa99fb3744b16cd9dcb4ea,67d156965cc4f811778f0732,2175.0,0.0,-2175.0,stg_live_mismatch
earn,69fa9a642f72905152682f3a,67d156965cc4f811778f0732,2512.0,0.0,-2512.0,stg_live_mismatch
earn,69fa9b0f0eb9a48cb0e15c89,67d156965cc4f811778f0732,455.0,0.0,-455.0,stg_live_mismatch
earn,6a28c9c23bd343756498c8c4,67d156965cc4f811778f0732,609.0,0.0,-609.0,stg_live_mismatch
earn,6a28ca4ffde5ffc2dd73bdf6,67d156965cc4f811778f0732,1218.0,0.0,-1218.0,stg_live_mismatch
earn,6a28cb54ee7e14af7025ca72,67d156965cc4f811778f0732,286.0,0.0,-286.0,stg_live_mismatch
earn,6a28cba577cd077a5e414a43,67d156965cc4f811778f0732,1015.0,224.0,-791.0,stg_live_mismatch
earn,69a65c2fb2236325ee5ddb00,69990eb58fed8f405589ea22,36.0,0.0,-36.0,stg_live_mismatch
earn,69ab9597863ec1948bff27bd,69990eb58fed8f405589ea22,210.0,0.0,-210.0,stg_live_mismatch
earn,69b7ca865b3c52399c6b1faa,69990eb58fed8f405589ea22,157.0,0.0,-157.0,stg_live_mismatch
earn,69b91cf0981481445de4ab36,69990eb58fed8f405589ea22,210.0,0.0,-210.0,stg_live_mismatch
earn,69ba6b4e244e99bcd0a5fa14,69990eb58fed8f405589ea22,315.0,0.0,-315.0,stg_live_mismatch
earn,69cd2c8cb1c596aeec2e525f,69990eb58fed8f405589ea22,345.0,0.0,-345.0,stg_live_mismatch
earn,69cf4e9e8e494b18cd802b9b,69990eb58fed8f405589ea22,210.0,0.0,-210.0,stg_live_mismatch
earn,69d0a358839ff38c885dc197,69990eb58fed8f405589ea22,122.0,0.0,-122.0,stg_live_mismatch
earn,69d0bfe5ba88ebccd724ae56,69990eb58fed8f405589ea22,23.0,0.0,-23.0,stg_live_mismatch
earn,69d38d7e0d77dd2201bff0bd,69990eb58fed8f405589ea22,23.0,0.0,-23.0,stg_live_mismatch
earn,69d8c3fd27ed8aa2037a92da,69990eb58fed8f405589ea22,157.0,0.0,-157.0,stg_live_mismatch
earn,69ec535dd9dde5c9f4602d27,69990eb58fed8f405589ea22,110.0,0.0,-110.0,stg_live_mismatch
earn,69fafe0eca43cc478c4dfb6f,69990eb58fed8f405589ea22,90.0,0.0,-90.0,stg_live_mismatch
earn,69fdc3d116bf5078c7d3b749,69990eb58fed8f405589ea22,90.0,0.0,-90.0,stg_live_mismatch
earn,6a0d38d49c804d7bffe26251,69990eb58fed8f405589ea22,2535.0,0.0,-2535.0,stg_live_mismatch
earn,6a112e7a0eba816133c8cae7,69990eb58fed8f405589ea22,315.0,0.0,-315.0,stg_live_mismatch
earn,6a1426b3c2f75fad80dfd165,69990eb58fed8f405589ea22,96.0,44.0,-52.0,stg_live_mismatch
earn,69f5bdc6da5adf5285edfb9f,69f580122c7cc9555b88fbef,566.0,0.0,-566.0,stg_live_mismatch
earn,69f5bed0da5adf5285ee6782,69f580122c7cc9555b88fbef,642.0,0.0,-642.0,stg_live_mismatch
earn,69f5bf7b5735df99c0b8d87c,69f580122c7cc9555b88fbef,202.0,0.0,-202.0,stg_live_mismatch
earn,69f70090537b471c709b78e1,69f580122c7cc9555b88fbef,209.0,0.0,-209.0,stg_live_mismatch
earn,69fc077ee42e0f5c7fda405b,69f580122c7cc9555b88fbef,251.0,0.0,-251.0,stg_live_mismatch
earn,6a02f591f3b860945daf8bf3,69f580122c7cc9555b88fbef,429.0,0.0,-429.0,stg_live_mismatch
earn,6a02f61ffd8d6d6fc52d2ea8,69f580122c7cc9555b88fbef,162.0,0.0,-162.0,stg_live_mismatch
earn,6a02f6d5858fb2657875d9b6,69f580122c7cc9555b88fbef,213.0,0.0,-213.0,stg_live_mismatch
earn,6a0482741d66bacd85a2aa65,69f580122c7cc9555b88fbef,309.0,0.0,-309.0,stg_live_mismatch
earn,6a0482bec26efa257d9f881e,69f580122c7cc9555b88fbef,299.0,0.0,-299.0,stg_live_mismatch
earn,6a06ee2908038055633d68ad,69f580122c7cc9555b88fbef,241.0,0.0,-241.0,stg_live_mismatch
earn,6a0ad801c7565f5c775db746,69f580122c7cc9555b88fbef,1662.0,0.0,-1662.0,stg_live_mismatch
earn,6a0d8e9d36162a81c8e491f1,69f580122c7cc9555b88fbef,354.0,0.0,-354.0,stg_live_mismatch
earn,6a0ec095d31efdab4a06a4c4,69f580122c7cc9555b88fbef,116.0,0.0,-116.0,stg_live_mismatch
earn,6a0ec0f58a2e3ebe86f52742,69f580122c7cc9555b88fbef,429.0,0.0,-429.0,stg_live_mismatch
earn,6a15586f4b4b711494137f10,69f580122c7cc9555b88fbef,251.0,0.0,-251.0,stg_live_mismatch
earn,6a15b44f2fce71e973e68fb1,69f580122c7cc9555b88fbef,101.0,0.0,-101.0,stg_live_mismatch
earn,6a168caa9e60a6ec1585b52c,69f580122c7cc9555b88fbef,715.0,0.0,-715.0,stg_live_mismatch
earn,6a16a9db2b99987da4721c08,69f580122c7cc9555b88fbef,187.0,0.0,-187.0,stg_live_mismatch
earn,6a1951fb2e03c430a9b9ee7b,69f580122c7cc9555b88fbef,228.0,0.0,-228.0,stg_live_mismatch
earn,694b9361c338962fada005ce,65ea71c4db4b00146286eee9,480.0,0.0,-480.0,stg_live_mismatch
earn,69548523aa83f2abc6dbe834,65ea71c4db4b00146286eee9,160.0,0.0,-160.0,stg_live_mismatch
earn,695485e5b0797d95a57fd586,65ea71c4db4b00146286eee9,260.0,0.0,-260.0,stg_live_mismatch
earn,6954889cd4190ffaca3ebb65,65ea71c4db4b00146286eee9,96.0,0.0,-96.0,stg_live_mismatch
earn,69d33d445ee453529856be76,65ea71c4db4b00146286eee9,52.0,0.0,-52.0,stg_live_mismatch
earn,69d33e1e11b467c5d0777712,65ea71c4db4b00146286eee9,518.0,0.0,-518.0,stg_live_mismatch
earn,6a1d3b3f9e6d9034b995a17d,65ea71c4db4b00146286eee9,265.0,0.0,-265.0,stg_live_mismatch
earn,6a1d3b9d94bb192e4347812e,65ea71c4db4b00146286eee9,222.0,0.0,-222.0,stg_live_mismatch
earn,6a1d3c7f4084f1723d8a25bb,65ea71c4db4b00146286eee9,788.0,351.0,-437.0,stg_live_mismatch
earn,6965b89175563aaa902039be,66b4296299028b6d1f439f42,208.0,0.0,-208.0,stg_live_mismatch
earn,6965b92d173ce12960abf2dc,66b4296299028b6d1f439f42,337.0,0.0,-337.0,stg_live_mismatch
earn,696d9596c012654bce55b60b,66b4296299028b6d1f439f42,1489.0,0.0,-1489.0,stg_live_mismatch
earn,696daaf1f489950dcabd9466,66b4296299028b6d1f439f42,74.0,0.0,-74.0,stg_live_mismatch
earn,697988b5436a81bb9d8b82e0,66b4296299028b6d1f439f42,89.0,0.0,-89.0,stg_live_mismatch
earn,69898fc77d8054efaac92b39,66b4296299028b6d1f439f42,1517.0,0.0,-1517.0,stg_live_mismatch
earn,6992d048cfdd39902f6e18f6,66b4296299028b6d1f439f42,450.0,0.0,-450.0,stg_live_mismatch
earn,699c32dd248fd8c747f35e99,66b4296299028b6d1f439f42,454.0,0.0,-454.0,stg_live_mismatch
earn,69aaa26e562be91339400c4e,66b4296299028b6d1f439f42,2250.0,0.0,-2250.0,stg_live_mismatch
earn,69afd77747aa698d640abece,66b4296299028b6d1f439f42,540.0,0.0,-540.0,stg_live_mismatch
earn,69b370627db876a608f29ef2,66b4296299028b6d1f439f42,60.0,0.0,-60.0,stg_live_mismatch
earn,69b3bbe0f8267429d34cea2c,66b4296299028b6d1f439f42,107.0,0.0,-107.0,stg_live_mismatch
earn,69ba0be5cf10d75a545b8f7b,66b4296299028b6d1f439f42,1214.0,1199.0,-15.0,stg_live_mismatch
earn,68ae81bb957102493bf0ef5e,66cfe07ec806008d7e3348d1,22.0,0.0,-22.0,stg_live_mismatch
earn,69096aff3f75b553b3bc73c9,66cfe07ec806008d7e3348d1,434.0,0.0,-434.0,stg_live_mismatch
earn,69b0196247aa698d64155e67,66cfe07ec806008d7e3348d1,141.0,0.0,-141.0,stg_live_mismatch
earn,69b019d0c64fe7c685a6a867,66cfe07ec806008d7e3348d1,188.0,0.0,-188.0,stg_live_mismatch
earn,69b01b057ec36b3b7ea3c16d,66cfe07ec806008d7e3348d1,70.0,0.0,-70.0,stg_live_mismatch
earn,6a3121909c8f07f931886f83,66cfe07ec806008d7e3348d1,142.0,0.0,-142.0,stg_live_mismatch
earn,6a3121fd9c8f07f93188c47b,66cfe07ec806008d7e3348d1,142.0,0.0,-142.0,stg_live_mismatch
earn,6a32a1f60ee10dc41e7d40c6,66cfe07ec806008d7e3348d1,335.0,0.0,-335.0,stg_live_mismatch
earn,6a3cb074c669cffcd9ec2a6a,66cfe07ec806008d7e3348d1,3202.0,2186.0,-1016.0,stg_live_mismatch
earn,68f89232e424688f99d759e6,66e3b213c3678f0895f04e7b,1180.0,0.0,-1180.0,stg_live_mismatch
earn,68f893e9d55605c864097e27,66e3b213c3678f0895f04e7b,198.0,0.0,-198.0,stg_live_mismatch
earn,692419d6316b01647a21d176,66e3b213c3678f0895f04e7b,110.0,0.0,-110.0,stg_live_mismatch
earn,6933aef14465423b61156df0,66e3b213c3678f0895f04e7b,135.0,0.0,-135.0,stg_live_mismatch
earn,6960b4b724021c894e00e3f1,66e3b213c3678f0895f04e7b,665.0,0.0,-665.0,stg_live_mismatch
earn,6960b628bba134fd08d8029d,66e3b213c3678f0895f04e7b,61.0,0.0,-61.0,stg_live_mismatch
earn,6960b688b0fb77fdb27d72af,66e3b213c3678f0895f04e7b,44.0,0.0,-44.0,stg_live_mismatch
earn,69cd2beb1c1c94ea64baa1ee,66e3b213c3678f0895f04e7b,655.0,0.0,-655.0,stg_live_mismatch
earn,69cd2c5c74ed20adfeb737a0,66e3b213c3678f0895f04e7b,106.0,0.0,-106.0,stg_live_mismatch
earn,69e9e0da1e9f2db3eeac84fa,66e3b213c3678f0895f04e7b,1067.0,0.0,-1067.0,stg_live_mismatch
earn,69e9e161c105b210eb557be0,66e3b213c3678f0895f04e7b,1078.0,0.0,-1078.0,stg_live_mismatch
earn,6a07d8ac0deec6621dc2a135,66e3b213c3678f0895f04e7b,2005.0,0.0,-2005.0,stg_live_mismatch
earn,6a0d382ef036a65a662742ec,66e3b213c3678f0895f04e7b,1447.0,1251.0,-196.0,stg_live_mismatch
earn,686f6d16b7158739afe51cfc,677dd6c88cb32551667d8b87,67.0,0.0,-67.0,stg_live_mismatch
earn,686f708f36f084c0b332a324,677dd6c88cb32551667d8b87,64.0,0.0,-64.0,stg_live_mismatch
earn,686f7d3cb11dad6d6694b967,677dd6c88cb32551667d8b87,64.0,0.0,-64.0,stg_live_mismatch
earn,686f7d7ffdda7dec04f6038f,677dd6c88cb32551667d8b87,64.0,0.0,-64.0,stg_live_mismatch
earn,686f7dbcfdda7dec04f64f37,677dd6c88cb32551667d8b87,60.0,0.0,-60.0,stg_live_mismatch
earn,6877a0319c82bae46f4932ce,677dd6c88cb32551667d8b87,56.0,0.0,-56.0,stg_live_mismatch
earn,6877a21831b8e1fe000484a8,677dd6c88cb32551667d8b87,66.0,0.0,-66.0,stg_live_mismatch
earn,6877a24344f86a47dd8e3352,677dd6c88cb32551667d8b87,40.0,0.0,-40.0,stg_live_mismatch
earn,6877a35d31b8e1fe000675ac,677dd6c88cb32551667d8b87,60.0,0.0,-60.0,stg_live_mismatch
earn,6878f54a5a7777790290398a,677dd6c88cb32551667d8b87,60.0,0.0,-60.0,stg_live_mismatch
earn,687b100e4830da0b9083d8b8,677dd6c88cb32551667d8b87,95.0,0.0,-95.0,stg_live_mismatch
earn,687ee76a2793a043a2938462,677dd6c88cb32551667d8b87,60.0,0.0,-60.0,stg_live_mismatch
earn,68c69303894dd73a5e349f24,677dd6c88cb32551667d8b87,47.0,0.0,-47.0,stg_live_mismatch
earn,68c6933a894dd73a5e34b381,677dd6c88cb32551667d8b87,334.0,0.0,-334.0,stg_live_mismatch
earn,68c693ccc6e66348b7960928,677dd6c88cb32551667d8b87,228.0,0.0,-228.0,stg_live_mismatch
earn,68d876ced2e84acc29b5f99a,677dd6c88cb32551667d8b87,225.0,0.0,-225.0,stg_live_mismatch
earn,68e0bfcce353e447fc0f936e,677dd6c88cb32551667d8b87,225.0,0.0,-225.0,stg_live_mismatch
earn,6906d4e6f6c72c7e2b546067,677dd6c88cb32551667d8b87,273.0,0.0,-273.0,stg_live_mismatch
earn,6906d556ad9dbb3ba7ae1ac5,677dd6c88cb32551667d8b87,225.0,0.0,-225.0,stg_live_mismatch
earn,691ec648fc7e787c0167b82a,677dd6c88cb32551667d8b87,225.0,0.0,-225.0,stg_live_mismatch
earn,691ec74d644f4caded242885,677dd6c88cb32551667d8b87,247.0,0.0,-247.0,stg_live_mismatch
earn,6927aea86662886e3b9df0ba,677dd6c88cb32551667d8b87,307.0,0.0,-307.0,stg_live_mismatch
earn,692aad879bb5e7c04d7b3b43,677dd6c88cb32551667d8b87,225.0,0.0,-225.0,stg_live_mismatch
earn,698019280db8339db75d1fab,677dd6c88cb32551667d8b87,298.0,0.0,-298.0,stg_live_mismatch
earn,6982a9e0cd3aec607571d5f9,677dd6c88cb32551667d8b87,433.0,0.0,-433.0,stg_live_mismatch
earn,6982aa8bcd3aec607571e79a,677dd6c88cb32551667d8b87,324.0,0.0,-324.0,stg_live_mismatch
earn,699567408938351ce2c67d35,677dd6c88cb32551667d8b87,381.0,0.0,-381.0,stg_live_mismatch
earn,69a4f46b40ab2367b2ae1252,677dd6c88cb32551667d8b87,486.0,239.0,-247.0,stg_live_mismatch
earn,687f687efbeb906daca91a6e,683c0a2382116f7196e91782,167.0,0.0,-167.0,stg_live_mismatch
earn,687f68dee46f135b7d4c238a,683c0a2382116f7196e91782,533.0,0.0,-533.0,stg_live_mismatch
earn,68a9887b75ff715f9488c2bc,683c0a2382116f7196e91782,83.0,0.0,-83.0,stg_live_mismatch
earn,68a9890675ff715f9489a7f0,683c0a2382116f7196e91782,597.0,0.0,-597.0,stg_live_mismatch
earn,68ad3bc75ff30c95847d6b34,683c0a2382116f7196e91782,220.0,0.0,-220.0,stg_live_mismatch
earn,68b8ff53eda99fab6a5c0f8a,683c0a2382116f7196e91782,583.0,0.0,-583.0,stg_live_mismatch
earn,68b8ffa154cd288a7281b5a3,683c0a2382116f7196e91782,454.0,0.0,-454.0,stg_live_mismatch
earn,68b8fff3eda99fab6a5f3138,683c0a2382116f7196e91782,445.0,0.0,-445.0,stg_live_mismatch
earn,68b90d5b54cd288a72dea75a,683c0a2382116f7196e91782,275.0,0.0,-275.0,stg_live_mismatch
earn,68c28960626c5e87f74a4e34,683c0a2382116f7196e91782,588.0,0.0,-588.0,stg_live_mismatch
earn,68c2898d20f3c5944f8592f9,683c0a2382116f7196e91782,583.0,0.0,-583.0,stg_live_mismatch
earn,68d0cdab40a938de193c808c,683c0a2382116f7196e91782,626.0,154.0,-472.0,stg_live_mismatch
earn,6864a54537b7961aea20fd4c,654885704dc5c2da5fdd2cd3,65.0,0.0,-65.0,stg_live_mismatch
earn,686e87b18e938f3ece9874c2,654885704dc5c2da5fdd2cd3,156.0,0.0,-156.0,stg_live_mismatch
earn,6878f5b8a8424a9462232b34,654885704dc5c2da5fdd2cd3,130.0,0.0,-130.0,stg_live_mismatch
earn,6889dd010377c3b91aaa587b,654885704dc5c2da5fdd2cd3,130.0,0.0,-130.0,stg_live_mismatch
earn,6891bd9226ef17fc2054d4c7,654885704dc5c2da5fdd2cd3,130.0,0.0,-130.0,stg_live_mismatch
earn,68d87536eb091d0491fbd514,654885704dc5c2da5fdd2cd3,96.0,0.0,-96.0,stg_live_mismatch
earn,68f7bee3a00360ff7f5d5746,654885704dc5c2da5fdd2cd3,39.0,0.0,-39.0,stg_live_mismatch
earn,69180aae2723f5335d6d93ea,654885704dc5c2da5fdd2cd3,200.0,0.0,-200.0,stg_live_mismatch
earn,69423c2d1d787b3221d828c0,654885704dc5c2da5fdd2cd3,130.0,0.0,-130.0,stg_live_mismatch
earn,698a94a41576e3a67e478eb2,654885704dc5c2da5fdd2cd3,260.0,0.0,-260.0,stg_live_mismatch
earn,698fe97bafb7a7cf8e7862ed,654885704dc5c2da5fdd2cd3,130.0,0.0,-130.0,stg_live_mismatch
earn,69c4d2b2bd0da388ac7f056e,654885704dc5c2da5fdd2cd3,198.0,0.0,-198.0,stg_live_mismatch
earn,69f8685dea5f384642b647a5,654885704dc5c2da5fdd2cd3,195.0,0.0,-195.0,stg_live_mismatch
earn,69faecad3d1094c2d4a9f759,654885704dc5c2da5fdd2cd3,195.0,54.0,-141.0,stg_live_mismatch
earn,69e0b2906c49be7699181212,65e042bef594d02b1127f645,57.0,0.0,-57.0,stg_live_mismatch
earn,69e0b3add47b7871fe4d296b,65e042bef594d02b1127f645,1.0,0.0,-1.0,stg_live_mismatch
earn,69e0b441e10abdd3529561d3,65e042bef594d02b1127f645,1.0,0.0,-1.0,stg_live_mismatch
earn,69e0bac765b21da4242f1755,65e042bef594d02b1127f645,45.0,0.0,-45.0,stg_live_mismatch
earn,69e0bb5e6c49be76991b261e,65e042bef594d02b1127f645,93.0,65.0,-28.0,stg_live_mismatch
earn,68936647884510545bbecb55,6893026c544880a06e454431,950.0,0.0,-950.0,stg_live_mismatch
earn,689d84f4104f57ccaa13bea2,6893026c544880a06e454431,54.0,0.0,-54.0,stg_live_mismatch
earn,689de4e5570d9bf956b589ad,6893026c544880a06e454431,1140.0,0.0,-1140.0,stg_live_mismatch
earn,68a85a771e13e6eb449affd2,6893026c544880a06e454431,26.0,0.0,-26.0,stg_live_mismatch
earn,697dc2c092aa74dd5511daad,6893026c544880a06e454431,26.0,0.0,-26.0,stg_live_mismatch
earn,697dc440f1c345b86ca005f3,6893026c544880a06e454431,26.0,0.0,-26.0,stg_live_mismatch
earn,697dc45b14aa6ee53006ea4a,6893026c544880a06e454431,26.0,0.0,-26.0,stg_live_mismatch
earn,69a64864ebb91091703abeea,6893026c544880a06e454431,250.0,0.0,-250.0,stg_live_mismatch
earn,6a0477301d66bacd859f5e73,6893026c544880a06e454431,52.0,0.0,-52.0,stg_live_mismatch
earn,6a211a5ef16ffa7dfa51810c,6893026c544880a06e454431,54.0,0.0,-54.0,stg_live_mismatch
earn,6a224ae1346b03a4d48c156c,6893026c544880a06e454431,12000.0,4604.0,-7396.0,stg_live_mismatch
earn,69e0bac665b21da4242f173a,69d8b96e141e0efff212f3a3,450.0,0.0,-450.0,stg_live_mismatch
earn,69e0bb5e6c49be76991b260c,69d8b96e141e0efff212f3a3,930.0,0.0,-930.0,stg_live_mismatch
earn,69f317b11dba805feaad56b4,69d8b96e141e0efff212f3a3,60.0,0.0,-60.0,stg_live_mismatch
earn,69f317e7163217f2e773bef2,69d8b96e141e0efff212f3a3,970.0,410.0,-560.0,stg_live_mismatch
earn,684e9366499059feb9710c9b,65413f51d6b1732a1ec5f601,23.0,0.0,-23.0,stg_live_mismatch
earn,6875d2e41dc5200fcff16ab4,65413f51d6b1732a1ec5f601,40.0,0.0,-40.0,stg_live_mismatch
earn,6875d3141dc5200fcff18f2b,65413f51d6b1732a1ec5f601,104.0,0.0,-104.0,stg_live_mismatch
earn,6875d8a91dc5200fcff63f86,65413f51d6b1732a1ec5f601,135.0,0.0,-135.0,stg_live_mismatch
earn,687cc73a77c81a2654fee3dd,65413f51d6b1732a1ec5f601,16.0,0.0,-16.0,stg_live_mismatch
earn,687cc7f2c99ea28b240a761f,65413f51d6b1732a1ec5f601,84.0,0.0,-84.0,stg_live_mismatch
earn,687f694a4f3980c96149ac56,65413f51d6b1732a1ec5f601,36.0,0.0,-36.0,stg_live_mismatch
earn,6884b92bb60ba86682dd562c,65413f51d6b1732a1ec5f601,169.0,0.0,-169.0,stg_live_mismatch
earn,68c7e2166b25b402d8c76b16,65413f51d6b1732a1ec5f601,3.0,0.0,-3.0,stg_live_mismatch
earn,68ca32baa719ffbaba487f36,65413f51d6b1732a1ec5f601,39.0,0.0,-39.0,stg_live_mismatch
earn,68ca6bb99ecbfffe5bde3c86,65413f51d6b1732a1ec5f601,23.0,0.0,-23.0,stg_live_mismatch
earn,68cad93bf8955977fc94a76f,65413f51d6b1732a1ec5f601,60.0,0.0,-60.0,stg_live_mismatch
earn,68d3b8751ef79e9a750af219,65413f51d6b1732a1ec5f601,25.0,0.0,-25.0,stg_live_mismatch
earn,68d3bb0a2b9508a24120a545,65413f51d6b1732a1ec5f601,20.0,0.0,-20.0,stg_live_mismatch
earn,68ecddff13e4791343a5ae4b,65413f51d6b1732a1ec5f601,119.0,0.0,-119.0,stg_live_mismatch
earn,68f213835f21d2c7167b1b32,65413f51d6b1732a1ec5f601,81.0,0.0,-81.0,stg_live_mismatch
earn,68f44595a81e0589573ee794,65413f51d6b1732a1ec5f601,258.0,0.0,-258.0,stg_live_mismatch
earn,68f445bea81e0589573ef359,65413f51d6b1732a1ec5f601,247.0,0.0,-247.0,stg_live_mismatch
earn,68f4c38870a250eb25d95a13,65413f51d6b1732a1ec5f601,128.0,0.0,-128.0,stg_live_mismatch
earn,68f88965d55605c864015f18,65413f51d6b1732a1ec5f601,102.0,0.0,-102.0,stg_live_mismatch
earn,68fc94ccea5c8e8244e17bd7,65413f51d6b1732a1ec5f601,43.0,0.0,-43.0,stg_live_mismatch
earn,68fdb8f9f9ad024fbda2c65f,65413f51d6b1732a1ec5f601,13.0,0.0,-13.0,stg_live_mismatch
earn,690b27e99756fb6cfe3d02cd,65413f51d6b1732a1ec5f601,167.0,0.0,-167.0,stg_live_mismatch
earn,6915d5f4f0fd1c860a056c71,65413f51d6b1732a1ec5f601,134.0,0.0,-134.0,stg_live_mismatch
earn,6916d94ba2d1bde458e4ecb9,65413f51d6b1732a1ec5f601,34.0,0.0,-34.0,stg_live_mismatch
earn,6916e117a4f95f972cc79735,65413f51d6b1732a1ec5f601,34.0,0.0,-34.0,stg_live_mismatch
earn,692048ee1b96b85cd65555f1,65413f51d6b1732a1ec5f601,19.0,0.0,-19.0,stg_live_mismatch
earn,692841440f285378432dbfd7,65413f51d6b1732a1ec5f601,13.0,0.0,-13.0,stg_live_mismatch
earn,692ff8f8219c9bb74331d915,65413f51d6b1732a1ec5f601,52.0,0.0,-52.0,stg_live_mismatch
earn,694222ffe42d42d37ab3e167,65413f51d6b1732a1ec5f601,16.0,0.0,-16.0,stg_live_mismatch
earn,694a40f1a607ac16335096b0,65413f51d6b1732a1ec5f601,128.0,0.0,-128.0,stg_live_mismatch
earn,694a4a8e2e3bba08a44a21c1,65413f51d6b1732a1ec5f601,9.0,0.0,-9.0,stg_live_mismatch
earn,695201aefd5704bc57e7ab2e,65413f51d6b1732a1ec5f601,11.0,0.0,-11.0,stg_live_mismatch
earn,695f072a0d74c5267c830df3,65413f51d6b1732a1ec5f601,33.0,0.0,-33.0,stg_live_mismatch
earn,69674373e10bd7aabd5403cf,65413f51d6b1732a1ec5f601,76.0,0.0,-76.0,stg_live_mismatch
earn,696c87c38fde645c0ec094ef,65413f51d6b1732a1ec5f601,109.0,103.0,-6.0,stg_live_mismatch
earn,69423ccbe105f1ef50a2af1c,65413f8bd6b1732a1ec62910,38.0,0.0,-38.0,stg_live_mismatch
earn,6944c5c5dacd8e4bd2a2a0ff,65413f8bd6b1732a1ec62910,21.0,0.0,-21.0,stg_live_mismatch
earn,6971f93080a95737a0d7db24,65413f8bd6b1732a1ec62910,1.0,0.0,-1.0,stg_live_mismatch
earn,6972ef9e38765128bd65c995,65413f8bd6b1732a1ec62910,81.0,0.0,-81.0,stg_live_mismatch
earn,69807e0fefe18d25d2b5b923,65413f8bd6b1732a1ec62910,359.0,0.0,-359.0,stg_live_mismatch
earn,698e9a1e742f11e93adb8cc0,65413f8bd6b1732a1ec62910,11.0,0.0,-11.0,stg_live_mismatch
earn,699812aa814e169f975a8748,65413f8bd6b1732a1ec62910,80.0,0.0,-80.0,stg_live_mismatch
earn,69af9c9d39f8e11780122e5b,65413f8bd6b1732a1ec62910,2.0,0.0,-2.0,stg_live_mismatch
earn,69b2eb25843def8f8672f54f,65413f8bd6b1732a1ec62910,33.0,0.0,-33.0,stg_live_mismatch
earn,69b793eaf8267429d3ad2616,65413f8bd6b1732a1ec62910,199.0,0.0,-199.0,stg_live_mismatch
earn,69d76f2be17223f44b3020d1,65413f8bd6b1732a1ec62910,50.0,0.0,-50.0,stg_live_mismatch
earn,69f9a5a9789d48a9f2d1d17e,65413f8bd6b1732a1ec62910,37.0,0.0,-37.0,stg_live_mismatch
earn,689190f2dcce0c5620159be9,654c675bbc8d51bf6ae05367,56.0,32.0,-24.0,stg_live_mismatch
earn,68fc7d6611f8bc5c0a25cbbc,68ddf023234c171c8f55fa45,51.0,0.0,-51.0,stg_live_mismatch
earn,68ff179eae2b424bac8015f4,68ddf023234c171c8f55fa45,116.0,0.0,-116.0,stg_live_mismatch
earn,6902d4d7df834e4f93d9a6ab,68ddf023234c171c8f55fa45,8.0,0.0,-8.0,stg_live_mismatch
earn,6911a312326dea49371ab7b1,68ddf023234c171c8f55fa45,51.0,0.0,-51.0,stg_live_mismatch
earn,6917ee00830530c1762681ed,68ddf023234c171c8f55fa45,24.0,0.0,-24.0,stg_live_mismatch
earn,69194a81172de045d9d4c27a,68ddf023234c171c8f55fa45,13.0,0.0,-13.0,stg_live_mismatch
earn,69198491f41bc8cc58c85db4,68ddf023234c171c8f55fa45,48.0,0.0,-48.0,stg_live_mismatch
earn,6923cdbcd31eed7f0dc70c58,68ddf023234c171c8f55fa45,29.0,0.0,-29.0,stg_live_mismatch
earn,69241358fc99ea82d577b4fe,68ddf023234c171c8f55fa45,10.0,0.0,-10.0,stg_live_mismatch
earn,692fc49a5287dff4707e1cf1,68ddf023234c171c8f55fa45,31.0,0.0,-31.0,stg_live_mismatch
earn,6932958e1d655f588789e925,68ddf023234c171c8f55fa45,61.0,0.0,-61.0,stg_live_mismatch
earn,695f3f24f745f241a095364f,68ddf023234c171c8f55fa45,45.0,0.0,-45.0,stg_live_mismatch
earn,6996ba8a12dca5f65b4e4b0b,68ddf023234c171c8f55fa45,8.0,0.0,-8.0,stg_live_mismatch
earn,6996bdfa55487bfad93943e1,68ddf023234c171c8f55fa45,30.0,0.0,-30.0,stg_live_mismatch
earn,69a651934be8d5af525dd6aa,68ddf023234c171c8f55fa45,130.0,0.0,-130.0,stg_live_mismatch
earn,69a65d55c8bd10a006849d9a,68ddf023234c171c8f55fa45,77.0,0.0,-77.0,stg_live_mismatch
earn,69afe8982f73d7fd153d60ba,68ddf023234c171c8f55fa45,58.0,0.0,-58.0,stg_live_mismatch
earn,69c8bdee2dae4f91c5f124fc,68ddf023234c171c8f55fa45,55.0,0.0,-55.0,stg_live_mismatch
earn,69c8bea6b289c717db7df737,68ddf023234c171c8f55fa45,105.0,0.0,-105.0,stg_live_mismatch
earn,69ed7c613c0cf7d0c5541e3a,68ddf023234c171c8f55fa45,119.0,69.0,-50.0,stg_live_mismatch
earn,68cce66e2c892f02816ec54a,68303e00d4294a954e1f5d42,885.0,0.0,-885.0,stg_live_mismatch
earn,68db41a05ec08d9239454b54,68303e00d4294a954e1f5d42,2098.0,0.0,-2098.0,stg_live_mismatch
earn,68fc926fd7cd47d147ee2c94,68303e00d4294a954e1f5d42,135.0,118.0,-17.0,stg_live_mismatch
earn,6a1ba7a5f7502e839b74d2d9,6a151548654c118a1ed3b445,456.0,0.0,-456.0,stg_live_mismatch
earn,6a3768c2a9d30408a1eaa7a3,6a151548654c118a1ed3b445,464.0,0.0,-464.0,stg_live_mismatch
earn,6a3e433455de5d3b9dcaf3b2,6a151548654c118a1ed3b445,259.0,179.0,-80.0,stg_live_mismatch
