mongo_id,user_id,wallet_before,wallet_after,wallet_update_delta,lots_before,lots_after,fix_class,earn_rows_to_update,earn_rows_to_insert
6805c2ca234f173997c1367c,76fa88d8-bc11-442b-a82e-568f00ae858e,78132,78132.0,0,82659.00,78132.0,migrated_sync_plus_native_fifo,10,0
67026fc7ecd4c2068ffcbe57,0277d347-51c5-4ee7-b445-975cb01a799d,19798,19798.0,0,23825.00,19798.0,migrated_sync_plus_native_fifo,7,0
66fd4bbfaff5db31b4185117,5a7f8d5c-7152-41a0-b9de-13823334931b,38458,38458.0,0,41566.00,38458.0,migrated_sync_live_mongo,2,0
65cb5a027ff1cec9ff05ab00,6529876b-b923-428c-830e-369c19b596a4,40442,40442.0,0,43532.00,40442.0,migrated_sync_plus_native_fifo,14,0
65e288ce2460cb673aa8532b,d4a7bba0-10b5-4c44-a85d-4a0a301f31cc,8299,8299.0,0,5232.00,8299.0,migrated_sync_plus_expiry_fifo_on_earns,12,0
668cfd9c52d5e255f01ac520,6dbd4113-887a-4205-a3f8-2b0c31afa666,6846,6846.0,0,3793.00,6846.0,migrated_sync_plus_expiry_fifo_on_earns,4,0
671f32f259c9218cf9166937,23637399-4191-4f50-8ee4-a00a37d4badd,3458,3458.0,0,570.00,3458.0,migrated_sync_live_mongo,8,0
69e5ea9143c778fca7e327a5,87448ba1-631a-4237-886e-7a3f48cdbbdd,7697,7697.0,0,10582.00,7697.0,migrated_sync_plus_native_fifo,3,0
6691fe1b40a462c93790e9eb,9b5110f9-c175-4ade-817e-28f19d217b1a,8994,8994.0,0,6237.00,8994.0,migrated_sync_plus_expiry_fifo_on_earns,3,0
669c9b25da59ebf0fbd0048b,3ad89e23-176b-45f2-a538-7c3ebfb0f122,2954,2954.0,0,5632.00,2954.0,migrated_sync_plus_native_fifo,4,0
65413f58d6b1732a1ec5fbf9,4a9af9e7-5e90-4a6a-852c-499129660405,7255,7255.0,0,4761.00,7255.0,migrated_sync_live_mongo,42,0
65413f8ad6b1732a1ec625e5,c0483745-a920-4af3-a5a9-f59defec06dc,3089,3089.0,0,5575.00,3089.0,migrated_sync_plus_native_fifo,5,0
66c2e14d7366c9ef91127a82,c3a36840-ae4f-4995-9c2f-522410a8636f,4725,4725.0,0,2605.00,4725.0,migrated_sync_live_mongo,4,0
65413f29d6b1732a1ec5d591,3c2527ee-11dd-4a52-b5df-1f6f06e7ecec,9047,9047.0,0,6931.00,9047.0,migrated_sync_live_mongo,3,0
6566b316285bf1f861c02126,31705816-258b-4edc-b26b-e4e645cc80df,44409,44409.0,0,46331.00,44409.0,migrated_sync_plus_native_fifo,7,0
66a719f56376f16e91adc8bc,fc18f25e-eb61-4b9e-957d-1f74af4be191,5436,5436.0,0,7351.00,5436.0,migrated_sync_plus_native_fifo,6,0
679b5621738c06b72462eb29,39e0724c-b6b9-4822-88fb-688156626a1e,2120,2120.0,0,3791.00,2120.0,migrated_sync_plus_native_fifo,9,0
65413f54d6b1732a1ec5f909,169434fe-4c0c-46b4-9c9b-15dac2e90009,41988,39059.0,-2929.0,43624.00,39059.0,user_wallet_plus_earn_fifo,11,0
654b14d13be528ce10f2fa31,871d5b20-c8de-4fb4-8065-565dc8522f6e,3964,3964.0,0,5569.00,3964.0,migrated_sync_plus_native_burns_and_expiry,10,0
6899fb7578eaa295468ddc49,0c03aeb9-727e-451d-80cb-f6eb767af872,3514,3514.0,0,1912.00,3514.0,migrated_sync_plus_native_burns_and_expiry,7,0
671660f9a61d7e6999c72b2a,2bec1b40-59f3-437e-837c-8efbeb58b416,5299,5299.0,0,6879.00,5299.0,migrated_sync_plus_native_fifo,4,0
6774cdd4543dd36f206e8597,83aa76d2-dff8-422a-a556-dc8d72ce7089,1563,1563.0,0,0.00,1563.0,migrated_sync_plus_native_fifo,1,0
662b506678f244ead7feee7c,d5312302-f9a8-49e6-bdc0-e3b49c4c1757,5754,5754.0,0,7255.00,5754.0,migrated_sync_plus_native_fifo,9,0
68dbfe9263e4b4136140fa46,192f7286-372e-439c-8659-5a9d0c08d89a,3324,3324.0,0,4689.00,3324.0,migrated_sync_plus_native_fifo,9,0
69a141e528fa02e24cb7f910,9a14fca3-a6a0-4452-a3be-2e11a20ec0e4,21,21.0,0,1238.00,21.0,migrated_sync_plus_native_fifo,14,0
67a581dfd41bf7c429d14296,c4322c80-096c-4205-adf8-edf874c66132,23637,23637.0,0,24670.00,23637.0,migrated_sync_plus_native_burns_and_expiry,2,0
65413f65d6b1732a1ec60795,0687be3a-c330-4f48-a942-5d64d702f016,3644,3644.0,0,2625.00,3644.0,migrated_sync_plus_expiry_fifo_on_earns,18,0
6583b8aaf8e9301fa214d75e,60d71d67-6bb0-4c55-833a-75ceabd95e79,6988,6988.0,0,7938.00,6988.0,migrated_sync_plus_native_burns_and_expiry,5,0
657c1bc9288d451e5bfaae8a,d393a943-c476-471b-883d-8538ed5d7400,6295,6295.0,0,5348.00,6295.0,migrated_sync_plus_native_burns_and_expiry,5,0
67d156965cc4f811778f0732,b9e834c7-d060-4ae1-8609-b4abcdf3563c,37413,37413.0,0,38352.00,37413.0,migrated_sync_plus_native_burns_and_expiry,5,0
65d012eb7ff1cec9ffdbc8b0,18ae7a19-0965-40dc-b165-2d1147b22ddc,11542,11542.0,0,10630.00,11542.0,migrated_sync_plus_expiry_fifo_on_earns,2,0
6a4dd4dbe7aba5deb5edde98,6761dc57-bcf6-4d5f-a1a0-16c0610a3ac3,1194,1979.0,785.0,1979.00,1979.0,user_wallet_plus_earn_fifo,0,0
69f580122c7cc9555b88fbef,16b6dfbd-2f08-4f25-979f-b795f5d6f1ff,12916,12916.0,0,13667.00,12916.0,migrated_sync_live_mongo,2,0
6a44b8fbf1e35578153d6b0e,4b20ce30-90db-4e65-a911-227bb6048c56,1286,1286.0,0,1992.00,1286.0,migrated_sync_plus_native_fifo,7,0
655426826178c8b865836a89,80e712c9-ef6e-4d0e-a2c5-ceed05184d8b,3828,3828.0,0,3158.00,3828.0,migrated_sync_plus_expiry_fifo_on_earns,30,0
69990eb58fed8f405589ea22,a2e96866-6710-4fbd-b707-2488d5989082,1466,1466.0,0,2123.00,1466.0,migrated_sync_plus_native_fifo,6,0
67dcfddf78a2fd161ddcde00,3e091fa2-39fd-4b08-b3f1-7a23325d3fe3,1571,1571.0,0,924.00,1571.0,migrated_sync_plus_expiry_fifo_on_earns,4,0
66bee1cd1a75105cebc22890,43517420-8b03-4b1b-a30a-5e39513f8fe7,16067,16067.0,0,16691.00,16067.0,migrated_sync_plus_expiry_fifo_on_earns,1,0
670b6c2cd2a0ec55f4141dd6,8f2f4682-739b-460a-b8a7-358f9dde4ce1,5376,5376.0,0,4755.00,5376.0,migrated_sync_live_mongo,1,0
657ff668288d451e5b231ec7,680b8024-e029-4ea4-8f2a-98ad3a284d14,4327,4327.0,0,3777.00,4327.0,migrated_sync_plus_expiry_fifo_on_earns,4,0
6655976829a6894914448584,e4314cd7-0eff-4763-bf35-5a2016bdef97,1764,1764.0,0,1258.00,1764.0,migrated_sync_live_mongo,4,0
683ae0e6a7a1f5cb4b9b3e4d,1eb8999f-342f-4125-8270-daa7e3b1d570,500,500.0,0,0.00,500.0,allocate_deductible_after_ttl_repair,1,0
65e810a3a09d42f469aad503,82f36c1a-6de9-4ff7-9c24-3aee6e073221,863,863.0,0,1360.00,863.0,migrated_sync_plus_native_fifo,7,0
66c81110b6ea3aa94e56e4ea,9b5ae71d-5085-40af-a26a-cd1f0d6e27d7,4900,4900.0,0,4420.00,4900.0,migrated_sync_plus_expiry_fifo_on_earns,2,0
6554a5904673598ef1a8fc17,238eb951-801d-4cb7-945c-2f1556e464bf,803,803.0,0,338.00,803.0,migrated_sync_live_mongo,32,0
677f4e3d6478b7ccfc76b13a,6aacf6c5-4b10-40ea-a3e3-e9a056637a0b,635,635.0,0,179.00,635.0,migrated_sync_live_mongo,2,0
65413f68d6b1732a1ec609b1,2e91acdf-db08-4029-b85e-ae90586ae21e,113985,113985.0,0,114435.00,113985.0,migrated_sync_plus_native_fifo,2,0
65413f86d6b1732a1ec621e5,167d1b6d-fa75-4924-9cfe-459eb8a1128d,1532,1532.0,0,1095.00,1532.0,migrated_sync_plus_expiry_fifo_on_earns,5,0
67b549f6fb42c672d834fbc5,53f473d1-d30a-413b-a43c-7e2991109f92,2756,2756.0,0,3191.00,2756.0,migrated_sync_plus_native_fifo,1,0
662790b4d3a4a27e432a02bf,17b5601d-c2b8-408a-b379-cb121051da29,2157,2157.0,0,2584.00,2157.0,migrated_sync_plus_native_fifo,4,0
668d09de43dfd583f3c68b6c,aa7161bc-7cd6-4fec-bc36-83ebf135ad53,1478,1478.0,0,1902.00,1478.0,migrated_sync_plus_native_fifo,1,0
6563f123ffd7efcec974f172,14d69324-43b1-4968-ac10-6d036faa3eb6,400,400.0,0,0,400.0,insert_earn_orphan_wallet,0,1
68a82a6c87848cbc6c651792,cd3491bf-e717-44a5-abdd-2c679cce0074,6586,6586.0,0,6207.00,6586.0,migrated_sync_plus_expiry_fifo_on_earns,2,0
66cfe07ec806008d7e3348d1,e667c9d3-1dbe-4173-b075-42fca35106eb,5441,5441.0,0,5819.00,5441.0,migrated_sync_live_mongo,2,0
65413f68d6b1732a1ec60995,e17610f1-8f95-446c-a32f-8cf20691d9ae,2687,2687.0,0,2316.00,2687.0,migrated_sync_live_mongo,2,0
677dd6c88cb32551667d8b87,6f19b2a6-a193-4180-a39c-e00f2e0f6d21,2362,2362.0,0,2717.00,2362.0,migrated_sync_plus_native_burns_and_expiry,3,0
65ea71c4db4b00146286eee9,69a18985-553a-40b5-bfa2-605e6959a26e,31176,31176.0,0,30825.00,31176.0,migrated_sync_live_mongo,1,0
655dc0bf53039f6a991d9b9c,09b753ab-6f76-46e6-95b6-4d9067a5490c,794,794.0,0,1131.00,794.0,migrated_sync_plus_native_fifo,6,0
66b4296299028b6d1f439f42,4f63443d-b500-447e-ac1e-0c62a15e19d0,25550,25550.0,0,25885.00,25550.0,migrated_sync_live_mongo,3,0
67c55c9505e9d1d86e1ad419,b12070ac-a9be-4a4d-aac2-9a8f86f12706,499,499.0,0,175.00,499.0,migrated_sync_live_mongo,1,0
66976add542efa4fb60e9039,cf3e4ac5-31ca-491d-b599-a8f9b9ac20b2,2050,2050.0,0,1728.00,2050.0,migrated_sync_live_mongo,1,0
66e3b213c3678f0895f04e7b,fdd5b2a3-10ff-48f8-ba12-ea38e3846d0c,4550,4550.0,0,4863.00,4550.0,migrated_sync_live_mongo,2,0
66fe3ba60dc50ec6c8529257,41534223-f441-42ad-9ddf-ab7876e8555a,1842,1842.0,0,1531.00,1842.0,migrated_sync_plus_expiry_fifo_on_earns,4,0
654dce53110214afb09b3401,aceddd39-a50e-4604-8ed6-766e4c10c5fc,1600,1600.0,0,1886.00,1600.0,migrated_sync_plus_native_fifo,2,0
683c0a2382116f7196e91782,40d697c7-d1f1-4fe4-9aac-52868df23646,13617,13617.0,0,13896.00,13617.0,migrated_sync_plus_expiry_fifo_on_earns,2,0
66b82b009fd57c76f203deb0,d6b86c80-c6b1-4d06-8de5-0c3fa6a7f3aa,5066,5066.0,0,4793.00,5066.0,migrated_sync_plus_expiry_fifo_on_earns,4,0
67a842bf29f632d514add01f,ab7067cd-213a-4539-a05a-634f2f7a2617,3190,3190.0,0,2930.00,3190.0,migrated_sync_plus_expiry_fifo_on_earns,12,0
67f7af73010f8f84df859ca7,9cefd9f0-ab62-4426-8fc2-344ebcd55815,6981,6981.0,0,6733.00,6981.0,migrated_sync_plus_native_burns_and_expiry,1,0
65413f68d6b1732a1ec609a1,eac6f8e7-1c1d-4b0d-b460-1842b99b1722,6403,6403.0,0,6650.00,6403.0,migrated_sync_plus_expiry_fifo_on_earns,7,0
65413f67d6b1732a1ec608d1,c00110c8-2440-47d5-b36c-d12153debe62,839,839.0,0,595.00,839.0,migrated_sync_plus_expiry_fifo_on_earns,2,0
6569add96be01478736755f5,b70ace42-b432-425c-b560-29d235ac262e,988,988.0,0,760.00,988.0,migrated_sync_live_mongo,1,0
674adaf9c6a1827801bb37ba,6d40f5ec-da82-4a81-b382-6f508b344708,1402,1402.0,0,1176.00,1402.0,migrated_sync_live_mongo,2,0
668f8106a94421ad6a72c699,e6ff7132-45f1-4b05-858b-2e0746633a25,3583,3583.0,0,3357.00,3583.0,migrated_sync_plus_expiry_fifo_on_earns,1,0
655f0bd2d16c226c47351b37,4506ca7e-dc61-4d4b-b0ae-a11cea60aa62,808,808.0,0,588.00,808.0,migrated_sync_plus_expiry_fifo_on_earns,5,0
656b0189a7379d24b92816f4,65e0d8e2-b7e8-476a-934e-ee0b2613f6ca,1394,1394.0,0,1189.00,1394.0,migrated_sync_plus_expiry_fifo_on_earns,8,0
6893026c544880a06e454431,24c8f546-2cc2-481f-9d3f-625a76f5f85d,2709,2709.0,0,2904.00,2709.0,migrated_sync_plus_expiry_fifo_on_earns,2,0
65487e3f4dc5c2da5fdc9855,b1e302da-8d97-46de-80dd-e8956425eeac,652,652.0,0,473.00,652.0,migrated_sync_plus_expiry_fifo_on_earns,5,0
660bbc6eb8ce99920eecda4b,000a4cba-d5e7-4c62-8a2a-c49437012e18,4701,4701.0,0,4539.00,4701.0,migrated_sync_plus_expiry_fifo_on_earns,1,0
683da331ffc927fc29b8510d,a75a274d-1bf2-421a-ae37-4c99ad6f2116,1807,1807.0,0,1653.00,1807.0,migrated_sync_plus_expiry_fifo_on_earns,1,0
671ca9bc91c0eac90144ba37,366d7c0b-498b-483d-9965-f8dede770702,4025,4025.0,0,4165.00,4025.0,migrated_sync_plus_expiry_fifo_on_earns,1,0
65e042bef594d02b1127f645,31ea3461-fbd5-4321-a642-ddde2c15e2e9,5920,5920.0,0,6052.00,5920.0,migrated_sync_live_mongo,5,0
65413f44d6b1732a1ec5eafd,ab0eed90-6825-4c0c-bc94-f327cbc141e0,6357,6357.0,0,6484.00,6357.0,migrated_sync_plus_native_fifo,6,0
65532a96a5707806f44a54d4,a71e425d-82b5-47f5-8a26-013a2a346b62,698,698.0,0,578.00,698.0,migrated_sync_plus_expiry_fifo_on_earns,5,0
662a2cdb57324743e39d2330,44bda93e-b7c2-4715-be2d-2a7f1723ace8,3211,3211.0,0,3330.00,3211.0,migrated_sync_plus_native_fifo,3,0
654af99f3be528ce10ea0372,0c2ecc66-52a7-4fe7-bd2b-1ef0b9f1e5c9,1880,1880.0,0,1761.00,1880.0,migrated_sync_plus_expiry_fifo_on_earns,7,0
67dbac23b90f211f7353d9ad,dad22722-0109-46bf-94e3-84ae3668505e,461,461.0,0,343.00,461.0,migrated_sync_plus_expiry_fifo_on_earns,5,0
6556c87483ce8659fd3f8d58,2e2b645b-4a92-4f2f-80cc-23af189d7808,301,301.0,0,191.00,301.0,migrated_sync_plus_expiry_fifo_on_earns,3,0
65680575b188295efca43586,f596f347-c4e9-466e-955c-15cce84ecb25,685,685.0,0,585.00,685.0,migrated_sync_plus_expiry_fifo_on_earns,2,0
656b052ea7379d24b928fa54,5c4bd772-99e3-43a7-8e74-9bd70d73d96c,1935,1935.0,0,2032.00,1935.0,migrated_sync_plus_native_burns_and_expiry,1,0
67f221e748b413a962c0baa1,ce63af19-54ff-4d31-abfa-94ff390bb6df,939,939.0,0,1036.00,939.0,migrated_sync_plus_native_fifo,4,0
69d8b96e141e0efff212f3a3,fb282052-f769-49b2-a0f8-0697bebb14e9,664,664.0,0,756.00,664.0,migrated_sync_live_mongo,2,0
6a4ba2e4e7aba5deb5eaea47,6d4210a7-b37e-47b0-af1b-cbe8387bb12d,1771,1771.0,0,1863.00,1771.0,migrated_sync_plus_native_fifo,2,0
65ab53d9f597943cdd10266f,1ffbad86-6119-47b3-b152-77f4713a0f48,1740,1740.0,0,1832.00,1740.0,migrated_sync_plus_native_burns_and_expiry,1,0
66ee90d62e0828fb9cd311bc,a9afdd18-4840-41a0-81c1-a75ef1fb2a14,5290,5290.0,0,5378.00,5290.0,migrated_sync_plus_native_burns_and_expiry,1,0
65695159ce749ea73f049894,f58dfe80-7d93-4ff5-9f3d-2a8603527518,1582,1582.0,0,1496.00,1582.0,migrated_sync_plus_expiry_fifo_on_earns,4,0
6555a54238a9666a9c3c4203,6f3c7f2d-c6e7-405f-aefc-bdbe9c85d4de,1035,1035.0,0,954.00,1035.0,migrated_sync_plus_native_burns_and_expiry,1,0
6694e1d330baa5401765db0a,d1bca277-2aba-4bb9-9ea2-cbe7109264da,95,95.0,0,16.00,95.0,migrated_sync_live_mongo,4,0
65545654415a5d9aa75e39dc,491b5e4f-bc49-43bb-920c-ed40018230f0,522,522.0,0,443.00,522.0,migrated_sync_live_mongo,1,0
6731d7ddcdf216fb22f543ba,373221c3-c3b2-4e82-ae2f-dc471078e042,75,75.0,0,0.00,75.0,migrated_sync_plus_native_fifo,1,0
654885704dc5c2da5fdd2cd3,77b2a0ea-a21a-44f5-9c95-a05c61fb532e,500,500.0,0,568.00,500.0,migrated_sync_plus_expiry_fifo_on_earns,1,0
654c675bbc8d51bf6ae05367,f59ba826-7f68-451d-9968-c8029f70397e,5109,5109.0,0,5042.00,5109.0,migrated_sync_live_mongo,3,0
65f418434aaafb5d9c6567bc,a89f1104-c0f2-42e3-9735-5cb96506f5ae,8623,8623.0,0,8556.00,8623.0,migrated_sync_plus_native_burns_and_expiry,1,0
68ddf023234c171c8f55fa45,b1519aa8-088f-47fb-9112-75a36865ce88,897,897.0,0,962.00,897.0,migrated_sync_live_mongo,2,0
6566d5a7285bf1f861d3b2db,17d52d2b-9325-479b-ba6b-f604f70c38e1,629,629.0,0,693.00,629.0,migrated_sync_plus_expiry_fifo_on_earns,3,0
6806003a5f7ddb1be79a08ab,6a7bbfc6-50aa-4acb-9713-fc848f21dc14,62,62.0,0,0.00,62.0,migrated_sync_plus_native_fifo,1,0
67ee3ff130ef9ae2d669cb58,db18cead-6e46-4692-9b09-499841056796,255,255.0,0,195.00,255.0,migrated_sync_live_mongo,1,0
6567f73b53be67b4b161520c,225436c6-e6e4-4f31-9725-29d648797207,2769,2769.0,0,2828.00,2769.0,migrated_sync_plus_expiry_fifo_on_earns,1,0
65413f6bd6b1732a1ec60c81,ac6af112-d0ca-44b7-b03b-5b9ccf08188a,3129,3129.0,0,3072.00,3129.0,migrated_sync_plus_expiry_fifo_on_earns,1,0
65413f5bd6b1732a1ec5fefd,d319b760-5a40-4641-b25d-a668a4c07721,2173,2173.0,0,2123.00,2173.0,migrated_sync_plus_expiry_fifo_on_earns,1,0
65547dae0b5cd6c7b1a56d44,b941ce2b-978a-481b-9926-d155f5606896,4720,4720.0,0,4770.00,4720.0,migrated_sync_plus_native_burns_and_expiry,2,0
65b1c02512e71882a727eb8c,1a0a3ce3-2873-4f06-9e1a-f0f5139fbc55,50,50.0,0,0,50.0,insert_earn_orphan_wallet,0,1
65b1be9912e71882a7271072,242404b5-772c-4820-acf0-fea8df090da1,50,50.0,0,0,50.0,insert_earn_orphan_wallet,0,1
65b1c2c812e71882a72a4356,3673c7b3-86ac-4648-97b5-4bb916a05747,50,50.0,0,0,50.0,insert_earn_orphan_wallet,0,1
65b1c02912e71882a727ec85,3d50e13c-a20a-4610-9e3b-e0d368739817,50,50.0,0,0,50.0,insert_earn_orphan_wallet,0,1
65b1c32412e71882a72ae409,4201b34a-019d-49fe-b6f5-5d3c300a2e2d,50,50.0,0,0,50.0,insert_earn_orphan_wallet,0,1
65b1c1fd12e71882a7296505,932b88ec-4e56-447f-9f81-9136a93c8520,50,50.0,0,0,50.0,insert_earn_orphan_wallet,0,1
65b1c0c612e71882a72856c8,c4482a47-51c1-42b8-910d-707cf14ad3b1,50,50.0,0,0,50.0,insert_earn_orphan_wallet,0,1
65b1c10712e71882a7288863,e244f0b8-ff81-49ad-8005-3d938c5c9ccc,50,50.0,0,0,50.0,insert_earn_orphan_wallet,0,1
65b1c15b12e71882a728dda6,ff4f10c8-d9de-47d7-8f5b-081b5e8c782f,50,50.0,0,0,50.0,insert_earn_orphan_wallet,0,1
66d669b0e1ab924c761d301b,1423d02b-0443-49a5-9870-aad360f78c79,278,278.0,0,230.00,278.0,migrated_sync_plus_expiry_fifo_on_earns,1,0
65413f8bd6b1732a1ec62910,2d8a6fd7-32ee-47c9-8a2d-2b2b672a9c7e,416,416.0,0,459.00,416.0,migrated_sync_live_mongo,1,0
65413f51d6b1732a1ec5f601,2a301e35-7fcd-4023-a36e-df3b57b5c563,4564,4564.0,0,4607.00,4564.0,migrated_sync_live_mongo,1,0
66ac500e1cee7e255d491885,94e8def6-2b61-4229-afc5-bd2dc289280f,3625,3625.0,0,3662.00,3625.0,migrated_sync_plus_expiry_fifo_on_earns,2,0
65532d4ba5707806f44c1983,42a8eb41-f6ac-48af-99c0-2465f5d7d5c7,49,49.0,0,17.00,49.0,migrated_sync_live_mongo,1,0
65536c55375eb91adad56a57,f97ac591-9387-462f-9a78-b2a4ed1f7ab7,498,498.0,0,466.00,498.0,migrated_sync_live_mongo,1,0
68303e00d4294a954e1f5d42,692c20ac-b496-4d26-a695-39bf755e61f2,15839,15839.0,0,15865.00,15839.0,migrated_sync_live_mongo,1,0
6556ee6383ce8659fd4b9a2f,027131cb-716d-4d66-ad20-bdc0044f2052,2113,2113.0,0,2087.00,2113.0,migrated_sync_plus_expiry_fifo_on_earns,1,0
6a151548654c118a1ed3b445,d945a0eb-5a47-434b-882e-0f9b8f0fe3f0,1956,1956.0,0,1981.00,1956.0,migrated_sync_live_mongo,2,0
65413f4ad6b1732a1ec5efdd,6f264737-7583-48ab-ab51-28193e758805,1211,1188.0,-23.0,1188.00,1188.0,user_wallet_plus_earn_fifo,0,0
65413f80d6b1732a1ec61d79,c10027e0-b861-4173-9d6b-6ad41627aaa5,329,329.0,0,310.00,329.0,migrated_sync_plus_expiry_fifo_on_earns,5,0
667ccc63d0a18ca2e8bbf91a,90eede70-c6fb-4277-bd3e-c0bd3fbbc3f4,777,777.0,0,794.00,777.0,migrated_sync_plus_native_fifo,2,0
67a1cdf3a3e44df46372046d,fc12adec-2891-4b0d-aa04-238e9691a816,316,316.0,0,300.00,316.0,migrated_sync_live_mongo,1,0
6568533da4927a9361aedf69,b784671b-9957-46aa-8f8c-a25d5da2df44,551,551.0,0,536.00,551.0,migrated_sync_plus_expiry_fifo_on_earns,1,0
65413f57d6b1732a1ec5fbcd,15fd0ace-9201-4d3b-9329-cec5c18cfee8,10658,10670.0,12.0,10670.00,10670.0,user_wallet_plus_earn_fifo,0,0
665839237cb088a4d63dea7f,90829544-94b2-4a65-9636-f2ae982e2eea,3146,3146.0,0,3155.00,3146.0,migrated_sync_plus_expiry_fifo_on_earns,2,0
662df862ee82cdf5e3bb2d9e,92bebfd3-041c-4ef3-99d2-978bafd45937,6860,6860.0,0,6855.00,6860.0,migrated_sync_plus_expiry_fifo_on_earns,1,0
65544f2be53fa9ae2a404290,f7560608-89bd-4735-969e-1586c0299814,8,8.0,0,7.00,8.0,migrated_sync_live_mongo,1,0
67cea723cabb8eb04372b3f0,0271c3e6-0fe4-4910-bd9a-2c4bb8873040,138,138.0,0,137.00,138.0,migrated_sync_plus_expiry_fifo_on_earns,1,0
