,,university (bachelors),,major,university (masters),major,job experience,,,,,,,,,,,,,,
Example,Full name,Chula,,BSC Computer Science,Chula,MSc management,"2010-2013, ABC Corp, Dev
2014-2020, DEF Corp, Senior Dev
2020 - Present, Rocket",,,,,,,,,,,,,,
pniel,Varapong Techapanichgul,Chula,นักพัฒนาระบบอาวุโส (Senior Developer),Bachelor of Fine and Applied Arts,Parsons School of Design,MFA Digital and Technology,"2019-2021 Front end Technologist Apple Inc., Sunnyvale, California
2021-2023 Technical Artist 100X, Bangkok, Thailand
2024 - Present: Rocket Innovation, Product Engineer",,,,,,,,,,,,,,
p'jeud,Ekasit Jatupornwattana,South east asia University,นักออกแบบระบบอาวุโส (Senior System Analyst),Computer Science,-,-,"2005-2009: Vision square, System Analyst
2010-2011: Itos, System Analyst
2011-2014: Hyro asia, System Analyst
2015-2021: Issoft, System Analyst
2021: MI group, System Analyst
2022-Present: Rocket, System Analyst",,,,,,,,,,,,,,
farm,Thammarong Kikasemsri,King Mongkut's University of Technology North Bangkok ,นักพัฒนาระบบอาวุโส (Senior Developer),Computer Science,,,"2018-2019: Streaming Co.,Ltd, Full Stack Developer
2019-2021: ITTP CO.,LTD, Full Stack Developer
2021-2024: Noburo Platform Co.,Ltd, Full Stack Developer
2024-Present:  Rocket Innovation , Full Stack Developer",,,,,,,,,,,,,,
mark,Ratchapol Hengmongkolsakul,Kasetsart University,นักพัฒนาระบบ (Developer),Computer Science,-,-,"2021 - 2022: GOCODING CO., LTD., BANGKOK ,Full Stack  Developer
2022 - 2023: 2FELLOWS NETWORK AND DESIGN CO., LTD, BANGKOK ,Backend  Developer
2023-Present: Rocket Innovation ,Backend Developer",,,,,,,,,,,,,,
art,Assadavoot Anukool,mahanakorn university of technology,นักพัฒนาระบบ (Developer),"Computer engineering


",-,-,"2018-2020:  JMT NETWORK SERVICES PUBLIC COMPANY LIMITED ,Programmer And Developer 
2020-2023:  Natachat Company Limited , Full Stack Developer 
2023-Present:  Rocket Innovation , Research and Development / Front-end Developer",,,,,,,,,,,,,,
boom,Nutnicha Jitruttanaarun,King Mongkut's Institute of Technology Ladkrabang,นักทดสอบระบบ (Tester),Information technology,-,-,"2019-2021: Intelligent Bytes, Web Developer
2021-2021: RS Group, Frontend Programmer
2021-2022: 2Fellow Network and Design, Frontend developer
2022-Presend: Rocket Innovation, web developer",,,,,,,,,,,,,,
tawan,Thitawan Hirunurann,Silpakorn university,"นักออกแบบประสบการณ์การใช้งาน 
(UXUI Designer)",(ICT) Information and Communication Technology,-,-,"2018-2019 : The real one, Junior UX/UI designer
2020-2021 : Pandasoft & Development, Junior UX/UI designer
2021-2022 : Iconkaset, Mid level UX/UI designer
2022-2023 : Rocket Innovation, Senior UX/UI designer
2023 : Big Data Agency, Product manager & Lead UX/UI designer
2023-Present :Rocket Innovation, Research and Development / UXUI designer",,,,,,,,,,,,,,
ham,Kritsana Tanwised,Mahasarakham University,นักทดสอบระบบอาวุโส (Senior Tester),Computer Science,,,"2021: Digio(Thailand), Software Tester
2021-2022: NIPA Technology, Software Quality Assurance
2022-2023: Buzzebees, Software Quality Assurance
2023-Present: Rocket Innovation, Software Quality Assurance",,,,,,,,,,,,,,
trai,Prakan Pojpienlert,Peking University,ผู้จัดการโครงการ (Project Manager),Chinese language and literature,-,-,"2020–2021: China Railway Construction, Business Development 
2021–2023: Flash Express, Product Manager 
2023–2024: Flash Express, Partner Operations Manager 
2024–2025: Kerry Express, Business Analyst 
2025–Present: Rocket Innovation, Product Owner",,,,,,,,,,,,,,
deuce,Teerakarn Boriboonsub,Mahidol University,"
นักวิเคราะห์ระบบ (Business Analyst)",Bsc Information and Communication Technology,Peking University,MA Finance,"2021-2022, MFEC, software engineer
2025-2025, BingX, business development manager
2025-Present, Rocket, Customer Success/Project Manager",,,,,,,,,,,,,,
mai,Warinthon Aekjeen,Bansomdejchaopraya Rajabhat University,ผู้ประสานงานโครงการรอง (Project Coordinator),tourism industry,,,"     2021-2023 : Choco CRM , Customer Support Trainning.              2024- Present, Rocket , Customer Success",,,,,,,,,,,,,,
peung,Niraphat Rakphong ,Songkhla Rajabhat University ,ผู้ประสานงานโครงการ (Project Coordinator Assistant),Bachelor of Accountancy,,,"
2024-2025 :Crown Worldwide Limited, Coordinator
2025-Present, Rocket , Customer Support",,,,,,,,,,,,,,