user_id,tel,fullname,mongo_id,hold_reasons,last_ts,last_day,step1_lots,step2_excess,step3_both_sides,step3_wallet_only,step3_wallet_down
2e91acdf-db08-4029-b85e-ae90586ae21e,+66835080949,ดรุณี สุธาอรรถ,65413f68d6b1732a1ec609b1,"{later_newcrm,mongo_sync_gap}",2026-02-17 02:35:38.916+00,2026-02-17,0.00,0,0.00,70720.00,70720.00
87804be0-be17-4695-b602-1a3ab4b03666,+66968201745,กฤษดา แสงขาน,6a0d85344853889dc59ee1d9,"{later_newcrm,mongo_sync_gap}",2026-06-25 10:39:23.28+00,2026-06-25,0,0,0,17303.00,17303.00
6529876b-b923-428c-830e-369c19b596a4,+66816563883,เจียม ฉันทวิลาศวงศ์,65cb5a027ff1cec9ff05ab00,{later_newcrm},2026-07-08 07:25:28.696+00,2026-07-08,0.00,0,0,16206.00,16206.00
52a1d528-cc2e-4b4e-b206-0d08144119e4,+66942651669,พัทธนันท์ สาครอร่ามเรือง,6a0fc6be4853889dc59efc84,{mongo_sync_gap},2026-05-22 03:01:55.609+00,2026-05-22,0,0,0,10675.00,10675.00
cb2560d3-de0a-4236-a376-b38ec8033000,+66872663217,J🅰️🅾️T🆔,65413f66d6b1732a1ec60865,"{later_newcrm,mongo_sync_gap}",2026-06-18 08:47:09+00,2026-06-18,15610.00,0,0.00,10243.00,10243.00
6cce9025-1504-49f5-a51a-02c0aefd576b,+66815442784,Theerapong Samreeloy,6811e84c6fc1032760808710,{later_newcrm},2025-11-03 03:28:01.261+00,2025-11-03,0,0.00,8227.00,0.00,8227.00
a8b16c7b-9930-4e67-8ae3-f8a219ca51c6,+66804401795,เตือนใจ เหลาคำ,669f3ec760ab0274d8e31ed4,{later_newcrm},2025-05-02 09:14:29.74+00,2025-05-02,0.00,0.00,8147.00,0.00,8147.00
0f6d5fb8-2993-4c58-a098-b132fdcbb396,+66930395252,ชลหทัย เทียนศิริ,69788ff4e93739d0ae0a4a7d,"{later_newcrm,mongo_sync_gap}",2026-06-24 08:07:36.435+00,2026-06-24,0,0,0,5526.00,5526.00
3ede6b72-f788-4cfe-8090-78784d12d26f,+66835735599,ศุภฤกษ์  รู้เกณฑ์,6684eb04c3d3fd326b70e2e7,{later_newcrm},2026-06-16 10:23:28.515+00,2026-06-16,4705.00,0.00,5040.00,0.00,5040.00
b268fcd0-2d18-43a7-95e5-08fbe99d7e17,+66934822189,บุญเพ็ง กาเผือกงาม,6a1e9cdd654c118a1ed4695e,"{later_newcrm,mongo_sync_gap}",2026-06-09 08:06:18.074+00,2026-06-09,0,0,0,4875.00,4875.00
821d2981-a125-44e1-a708-815b2c5b8363,+66826966196,ชวภณ อรรถธนวาณิช,65f54d424aaafb5d9ce30233,"{later_newcrm,mongo_sync_gap}",2026-06-17 12:50:08.705+00,2026-06-17,9003.00,0,165.00,4219.00,4384.00
d5312302-f9a8-49e6-bdc0-e3b49c4c1757,+66994658809,วรรณา น้ำเพชร,662b506678f244ead7feee7c,"{later_newcrm,mongo_sync_gap}",2026-06-20 10:13:32.454+00,2026-06-20,0.00,0,0.00,3866.00,3866.00
9b5110f9-c175-4ade-817e-28f19d217b1a,+66866545042,นางวิลาวัลย์   คำเหล๋ก,6691fe1b40a462c93790e9eb,{later_newcrm},2025-08-23 04:15:30.726+00,2025-08-23,255.00,1009.00,3766.00,0.00,3766.00
6d60ddf9-c4b2-4186-9714-6cfe86aca1d4,+66652747724,ผกาทิพย์ นิราชภัย,67cd2a13865b399021ce9895,{later_newcrm},2026-02-15 07:09:37.995+00,2026-02-15,0,0.00,3441.00,0.00,3441.00
7e16a591-c38f-4c79-904a-bc99e2b1eab1,+66885476842,ณัฐทวี สมพิศ,65413f4fd6b1732a1ec5f415,{later_newcrm},2026-06-20 04:23:56.53+00,2026-06-20,2128.00,4409.00,3272.00,0.00,3272.00
d4a7bba0-10b5-4c44-a85d-4a0a301f31cc,+66816262092,อนุชา ธานี,65e288ce2460cb673aa8532b,{later_newcrm},2026-04-27 09:49:35.713+00,2026-04-27,3498.00,0.00,3067.00,0.00,3067.00
6dbd4113-887a-4205-a3f8-2b0c31afa666,+66992940500,Air,668cfd9c52d5e255f01ac520,{later_newcrm},2026-06-03 10:30:12.473+00,2026-06-03,0.00,0.00,3053.00,0.00,3053.00
23637399-4191-4f50-8ee4-a00a37d4badd,+66897120554,กฤศปพณ  นะวะสด,671f32f259c9218cf9166937,{later_newcrm},2025-12-07 07:18:33.573+00,2025-12-07,0.00,0.00,2888.00,0.00,2888.00
546b7cfd-7365-4a37-b5ed-17bbcf653115,+66815448599,นภาภรณ์ ตณวร,6632f2b08c1d37acd0bf42c5,{later_newcrm},2026-06-17 13:42:17.418+00,2026-06-17,15080.00,166.00,2536.00,0.00,2536.00
8e9f72fb-b005-492d-8f90-dc9b81aca7bf,+66828371561,มงคลชัย ดวงแสงทอง,6787827bb0d6038e49a36ed6,{later_newcrm},2026-06-25 09:29:09.462+00,2026-06-25,39751.00,3326.00,2532.00,0.00,2532.00
09e7ab3f-6886-4cee-8f4b-a75216e9af71,+66814484737,ณิชชา ทัพพอาภา,66025a579d875c511f4fff50,"{later_newcrm,mongo_sync_gap}",2026-06-05 08:28:05.644+00,2026-06-05,7408.00,1621.00,2520.00,0.00,2520.00
4a9af9e7-5e90-4a6a-852c-499129660405,+66643562941,ชัยภูมิ โพธาปัญญา,65413f58d6b1732a1ec5fbf9,{later_newcrm},2025-04-03 07:52:35.325+00,2025-04-03,450.00,47.00,2494.00,0.00,2494.00
1179e9bc-320b-4540-ba15-2745a8052e9f,+66991100003,ศุภมิตร วงศ์เหลืองบุญ,67b1cb1a60e49834df6bd4a9,"{later_newcrm,mongo_sync_gap}",2026-07-08 04:16:01.514+00,2026-07-08,0.00,0,0.00,2481.00,2481.00
ed4bc9e4-bd6b-4622-98c4-1885d324bdee,+66898966191,เกศกนก สัตยบัณฑิต,67289da48272c43c3366c157,"{later_newcrm,mongo_sync_gap}",2026-07-05 05:30:22.866+00,2026-07-05,0.00,0,0.00,2218.00,2218.00
94016ca9-d405-4db1-b6d1-7976016a662b,+66661422498,กาญจนา เม่นโต,67135b7cd45e3608f202088f,"{later_newcrm,mongo_sync_gap}",2026-06-28 07:26:47.402+00,2026-06-28,0.00,0,0.00,2183.00,2183.00
c3a36840-ae4f-4995-9c2f-522410a8636f,+66821252535,เสถียร ศิริโสม,66c2e14d7366c9ef91127a82,{later_newcrm},2024-10-23 06:38:17.477+00,2024-10-23,0,0.00,2120.00,0.00,2120.00
3c2527ee-11dd-4a52-b5df-1f6f06e7ecec,+66928911889,จาฏุวัจน์ ตัณฑัยย์,65413f29d6b1732a1ec5d591,{later_newcrm},2026-05-24 02:57:06.018+00,2026-05-24,1712.00,0.00,2116.00,0.00,2116.00
572f313d-788d-42f6-8172-c8dc287aad3d,+66819555310,เกรียงไกร เทียมสุวรรณ,68aa809a5de9cad81617ce01,{mongo_sync_gap},2026-07-08 07:49:13.215+00,2026-07-08,0,0,0.00,2060.00,2060.00
17b5601d-c2b8-408a-b379-cb121051da29,+66962254926,กรทอง พ่วงสวัสดิ์,662790b4d3a4a27e432a02bf,"{later_newcrm,mongo_sync_gap}",2026-06-24 06:51:34.591+00,2026-06-24,0.00,0,0.00,1864.00,1864.00
000a4cba-d5e7-4c62-8a2a-c49437012e18,+66635216881,ชลิดา อยู่เย็น,660bbc6eb8ce99920eecda4b,"{later_newcrm,mongo_sync_gap}",2026-05-27 08:16:16.135+00,2026-05-27,0.00,4939.00,1695.00,0.00,1695.00
0c03aeb9-727e-451d-80cb-f6eb767af872,+66983514594,อุดมพล พานทอง,6899fb7578eaa295468ddc49,{later_newcrm},2026-01-27 08:01:15.62+00,2026-01-27,0,0.00,1602.00,0.00,1602.00
83aa76d2-dff8-422a-a556-dc8d72ce7089,+66928282900,ศิริพร คุ้ยจุ่น,6774cdd4543dd36f206e8597,{later_newcrm},2025-04-29 10:23:55.945+00,2025-04-29,0,0.00,1563.00,0.00,1563.00
c4f790c2-c530-4a8f-841f-4f4d18c0cd8e,+66855241170,อาสารัฟห์ แซ่ย่าง,66c062755a813026e5354386,{later_newcrm},2026-07-08 07:55:38.445+00,2026-07-08,444.00,0,0.00,1443.00,1443.00
ab1fed82-ec8a-4d2e-a100-76d5a7b4e78e,+66811416512,นายจิระ สงทวี,66751749f60b8e094a643f02,"{later_newcrm,mongo_sync_gap}",2026-06-12 13:00:57.874+00,2026-06-12,0.00,0,0.00,1292.00,1292.00
a89f1104-c0f2-42e3-9735-5cb96506f5ae,+66628617805,นาย.มานิตย์ ทนันชัย,65f418434aaafb5d9c6567bc,{later_newcrm},2025-09-02 08:17:47.256+00,2025-09-02,4007.00,180.00,1221.00,0.00,1221.00
0687be3a-c330-4f48-a942-5d64d702f016,+66897209775,Danai กะบะซิ่ง,65413f65d6b1732a1ec60795,{later_newcrm},2026-06-16 10:21:41.779+00,2026-06-16,1785.00,152.00,1144.00,0.00,1144.00
fe837892-f270-4b8a-a189-40f4f2887afb,+66800449933,บุญธรรม พุ่มพวง,6a4a238bd53c41b19aa012bb,"{later_newcrm,mongo_sync_gap}",2026-07-05 09:28:38.495+00,2026-07-05,0,0,0,1102.00,1102.00
04458150-3126-4376-b0d1-811010fc01dc,+66909851891,องอาจ หมื่นไพราม,6a0866e95216c2c554f886ff,"{later_newcrm,mongo_sync_gap}",2026-05-17 04:25:22.5+00,2026-05-17,0,0,0,1088.00,1088.00
1f64a450-5ecb-428c-98c5-6bf4de07f0d8,+66817382632,อุสมาน เฮ็งปิยส,65ea6cecdb4b00146285698f,{mongo_sync_gap},2026-05-09 06:32:23.957+00,2026-05-09,4018.00,288.00,1077.00,0.00,1077.00
4359857d-ca1d-4763-a3ab-b016071311ea,+66931538119,ปรียาภรณ์ แผ่นสุวรรณ์,695f02e4b95816b11c055cd1,"{later_newcrm,mongo_sync_gap}",2026-06-24 13:08:26.765+00,2026-06-24,0,0,0,1027.00,1027.00
d393a943-c476-471b-883d-8538ed5d7400,+66898994347,สายสุนีย์  ศรีชาติ,657c1bc9288d451e5bfaae8a,"{later_newcrm,mongo_sync_gap}",2026-06-02 09:38:23.163+00,2026-06-02,6132.00,1122.00,1022.00,0.00,1022.00
49860b57-4b0b-4c3f-96df-c1ae84ebfb3d,+66817623353,อัศนันต์ ศิริพงศ์วัฒนา,6545e3014dc5c2da5fcb7527,{later_newcrm},2026-06-18 02:12:15.196+00,2026-06-18,5018.00,1964.00,982.00,0.00,982.00
e5844cfc-6b30-407c-8411-795441e46044,+66973353305,ภาสกร โรจน์พุทธิกุล,657011c51ea0b61954ed1874,{later_newcrm},2026-06-27 08:40:14.515+00,2026-06-27,3152.00,0.00,975.00,0.00,975.00
1ef975a8-8e6c-4573-bcee-0a8f6794ff7e,+66818894749,สุนิษา แสงสว่าง,6922a3158005ff0ac3c41d5b,{mongo_sync_gap},2026-04-22 12:46:20.423+00,2026-04-22,0,0,0,955.00,955.00
a75a274d-1bf2-421a-ae37-4c99ad6f2116,+66952308043,นครินทร์ ศรีวะอุไร,683da331ffc927fc29b8510d,{later_newcrm},2026-06-08 14:54:43.022+00,2026-06-08,136.00,0.00,949.00,0.00,949.00
4cd816af-c77f-4a5d-a63c-84dc07e3279d,+66982498346,สิทธิชัย ภูนุชอภัย,68543317a442303fa5fde98d,"{later_newcrm,mongo_sync_gap}",2026-06-26 08:11:14.135+00,2026-06-26,0.00,0,0.00,938.00,938.00
e31e839e-9efe-4acd-a0aa-d7bcb2655bfc,+66832517409,สุพัตรา สีนาค,6579328e892d6423fe96b147,"{later_newcrm,mongo_sync_gap}",2026-06-20 10:13:32.525+00,2026-06-20,4263.00,0,485.00,443.00,928.00
7c64ea81-204a-4fcd-a52e-aaa0221a51a1,+66973297580,น้ำผึ้ง ดาวช่วย,6977226b29bd639d82b8cf10,"{later_newcrm,mongo_sync_gap}",2026-06-24 05:57:51.073+00,2026-06-24,0,0,0,916.00,916.00
18ae7a19-0965-40dc-b165-2d1147b22ddc,+66862978472,มะรูดิง สาและ,65d012eb7ff1cec9ffdbc8b0,{later_newcrm},2026-06-17 10:30:41.324+00,2026-06-17,2747.00,0.00,912.00,0.00,912.00
1fcafc26-04c5-41ff-8e4f-652cfb1037f9,+66982724174,ธารทิพย์ งามเมืองแมน,656c2ee0800ee8dfda1054cf,{mongo_sync_gap},2026-05-15 18:01:36.657+00,2026-05-15,0.00,0,0.00,897.00,897.00
ce63af19-54ff-4d31-abfa-94ff390bb6df,+66908003966,ธรรมรัตน์ ตุ้มโท,67f221e748b413a962c0baa1,"{later_newcrm,mongo_sync_gap}",2026-06-13 04:15:27.739+00,2026-06-13,0.00,0,0.00,810.00,810.00
9b5ae71d-5085-40af-a26a-cd1f0d6e27d7,+66928955918,อัษฎาวุธ  พิยะกูล,66c81110b6ea3aa94e56e4ea,{later_newcrm},2026-06-13 10:53:01.564+00,2026-06-13,2681.00,150.00,780.00,0.00,780.00
93a6f963-0bb9-46a1-b682-c45e693826b0,+66829074195,ณัฐวุฒิ พรหมอินทร์,66adc2dce2afa8cc127a0cd2,"{later_newcrm,mongo_sync_gap}",2026-06-06 11:24:52.498+00,2026-06-06,0.00,0,550.00,195.00,745.00
e4155a1e-e3b8-4059-9b0d-00f55874157a,+66859843134,หรั่ง .,6a06e22b5216c2c554f86750,{mongo_sync_gap},2026-05-15 18:07:43.979+00,2026-05-15,0,0,0,729.00,729.00
1aaf432d-bfb6-4837-ba11-80bac9d001ae,+66925531419,วรชา ระเวียง.,66a31a14c05689b408fc6563,{mongo_sync_gap},2026-07-08 04:38:24.191+00,2026-07-08,0.00,0,0,728.00,728.00
57ce5ebb-d581-4860-a7f2-65f8eaf52230,+66620382074,นภารัตน์ รอดจันทึก,66ab17073ede36d891342efc,"{later_newcrm,mongo_sync_gap}",2026-06-26 11:02:38.866+00,2026-06-26,682.00,0,0,719.00,719.00
ee2359f3-a56a-4baf-905e-a5ba52d92e22,+66618740060,วงศ์  ลุงหย่า,672efe58b7d010c78ddf48ad,{later_newcrm},2026-03-28 08:13:46.616+00,2026-03-28,1202.00,1035.00,704.00,0.00,704.00
6ca6e303-593e-466d-97b8-61a243262139,+66991798403,วิทวัสชัย รุ่งโรจน์,68fcd8b31b16f099befdba01,"{later_newcrm,mongo_sync_gap}",2026-06-24 05:54:53.448+00,2026-06-24,0,0,0,700.00,700.00
99458ae5-afc3-4b98-a6ad-05344d09d946,+66837221451,ถาวร วงศ์ปัญญา,656d86c99e0b1d47de4a2316,"{later_newcrm,mongo_sync_gap}",2026-06-24 06:43:39.497+00,2026-06-24,1508.00,0,0.00,688.00,688.00
92bebfd3-041c-4ef3-99d2-978bafd45937,+66898881673,ธิดารัตน์ พยับบรรณางกูร,662df862ee82cdf5e3bb2d9e,{later_newcrm},2026-06-17 13:18:23.684+00,2026-06-17,0.00,535.00,675.00,0.00,675.00
80e712c9-ef6e-4d0e-a2c5-ceed05184d8b,+66940235921,กุ๊กกิ๊ก🐷,655426826178c8b865836a89,"{later_newcrm,mongo_sync_gap}",2026-05-30 02:16:51.77+00,2026-05-30,2898.00,179.00,674.00,0.00,674.00
da8b8f6c-a3ae-4eea-93cc-08ec8c168341,+66945365009,ปิ่นสุดา ขุมดินพิทักษ์,68e77dbd3980b688e43883c6,"{later_newcrm,mongo_sync_gap}",2026-05-23 02:11:08.242+00,2026-05-23,0,0,0,650.00,650.00
3e091fa2-39fd-4b08-b3f1-7a23325d3fe3,+66818929341,สุพนัส สุพรรณคำ,67dcfddf78a2fd161ddcde00,{later_newcrm},2026-02-05 09:59:38.862+00,2026-02-05,0,0.00,647.00,0.00,647.00
f5971c80-593f-4c01-a97c-f569152048e0,+66808150163,เปรมฤดี ยงฮะ,6566d01b285bf1f861cf7efc,"{later_newcrm,mongo_sync_gap}",2026-05-04 10:53:24.105+00,2026-05-04,5792.00,0,0.00,645.00,645.00
e6ff7132-45f1-4b05-858b-2e0746633a25,+66958026483,นราศักดิ์ หม่องช่วยตะ,668f8106a94421ad6a72c699,{later_newcrm},2026-06-24 06:17:12.946+00,2026-06-24,3228.00,0.00,637.00,0.00,637.00
43517420-8b03-4b1b-a30a-5e39513f8fe7,+66894628895,ฮายาตี ละมะโต,66bee1cd1a75105cebc22890,"{later_newcrm,mongo_sync_gap}",2026-05-26 08:29:21.834+00,2026-05-26,3961.00,3169.00,624.00,0.00,624.00
8f2f4682-739b-460a-b8a7-358f9dde4ce1,+66801915259,สุชาติ ทรงเลิศ,670b6c2cd2a0ec55f4141dd6,{later_newcrm},2024-10-13 07:09:06.332+00,2024-10-13,0,0.00,621.00,0.00,621.00
ffd71b11-c177-4a1e-9ae7-aedf94c8373b,+66829153179,Htet Win -,696f6eed7a94eeebe486c1b0,{mongo_sync_gap},2026-06-11 09:47:53.037+00,2026-06-11,0,0,0,615.00,615.00
a2dd69e2-46e1-4c5e-871d-a58ef498b418,+66813744496,จิณห์นิภา พงศ์อติชาต,67d780d1af1339fc4fb82507,"{later_newcrm,mongo_sync_gap}",2026-05-19 08:18:24.495+00,2026-05-19,0.00,0,0.00,612.00,612.00
15fd0ace-9201-4d3b-9329-cec5c18cfee8,+66917182171,Supaporn/ JJ,65413f57d6b1732a1ec5fbcd,"{later_newcrm,mongo_sync_gap}",2026-07-05 05:49:12.622+00,2026-07-05,7642.00,0,0.00,594.00,594.00
a9afdd18-4840-41a0-81c1-a75ef1fb2a14,+66890635724,ปรียาพร แผนคู้,66ee90d62e0828fb9cd311bc,"{later_newcrm,mongo_sync_gap}",2026-06-28 08:21:37.194+00,2026-06-28,0.00,0,0.00,582.00,582.00
4c6b101d-fc57-42f0-9e7d-0ad209a801ed,+66979624131,นางสาว ธนกาญจน์  เกตุทอง,6a1c1fb1654c118a1ed43bf3,{mongo_sync_gap},2026-06-21 03:03:10.72+00,2026-06-21,0,0,0,580.00,580.00
680b8024-e029-4ea4-8f2a-98ad3a284d14,+66897519366,พัชรินทร์ ธรรมประเสริฐ,657ff668288d451e5b231ec7,{later_newcrm},2026-06-18 15:40:37.829+00,2026-06-18,5363.00,411.00,550.00,0.00,550.00
31ea3461-fbd5-4321-a642-ddde2c15e2e9,+66950282779,ไพโรจน์ พุ่มพฤษ,65e042bef594d02b1127f645,"{later_newcrm,mongo_sync_gap}",2026-07-08 12:44:32.286+00,2026-07-08,415.00,0,0,513.00,513.00
8d97a00c-6510-4997-a8c1-e4ccf537c7ef,+66825925445,วรพรต พึ่งเมือง,687fc56385bbfe13a7e1f2a5,"{later_newcrm,mongo_sync_gap}",2026-06-24 06:46:29.178+00,2026-06-24,0,0,0.00,506.00,506.00
e4314cd7-0eff-4763-bf35-5a2016bdef97,+66993348844,ฐิติพร นาคะเวช,6655976829a6894914448584,{later_newcrm},2026-03-11 09:52:55.39+00,2026-03-11,1221.00,0.00,506.00,0.00,506.00
f47e7d1e-3dde-46b9-b821-e2cc365dd681,+66989506309,ศศิวิมล ฉิมเพชร,689581f42104e4fc279c744c,"{later_newcrm,mongo_sync_gap}",2026-07-08 12:29:50.351+00,2026-07-08,0,0,0.00,504.00,504.00
167d1b6d-fa75-4924-9cfe-459eb8a1128d,+66944788066,สกุลรัตน์ มหัธนันท์,65413f86d6b1732a1ec621e5,{later_newcrm},2026-04-28 07:09:28.976+00,2026-04-28,313.00,137.00,477.00,0.00,477.00
238eb951-801d-4cb7-945c-2f1556e464bf,+66951488434,Jea,6554a5904673598ef1a8fc17,{later_newcrm},2026-03-05 03:03:53.791+00,2026-03-05,455.00,0.00,465.00,0.00,465.00
6aacf6c5-4b10-40ea-a3e3-e9a056637a0b,+66813323426,พล วรโชติรุ่งเรือง,677f4e3d6478b7ccfc76b13a,{later_newcrm},2025-01-31 05:30:12.296+00,2025-01-31,0,0.00,456.00,0.00,456.00
69a18985-553a-40b5-bfa2-605e6959a26e,+66876921508,ปานตะวัน แสงจรัสวงค์,65ea71c4db4b00146286eee9,"{later_newcrm,mongo_sync_gap}",2026-06-16 09:30:21.031+00,2026-06-16,229.00,0,0.00,451.00,451.00
d6b86c80-c6b1-4d06-8de5-0c3fa6a7f3aa,+66917291435,นิตยา ผ่องใส,66b82b009fd57c76f203deb0,"{later_newcrm,mongo_sync_gap}",2026-06-27 06:06:41.351+00,2026-06-27,2706.00,0,368.00,83.00,451.00
4b4b11ee-95f0-4c05-a9cf-0516184bfd08,+66970024207,ปิยะพงษ์ บุตรพรม,68c7df180316d5c979e40c4d,"{later_newcrm,mongo_sync_gap}",2026-06-26 11:08:14.264+00,2026-06-26,0,0,0,443.00,443.00
74e138e3-b575-483e-981b-04abce793b6f,+66963748464,ภราดร ทองโชติ,69f55ebf2c7cc9555b88f9d8,"{later_newcrm,mongo_sync_gap}",2026-06-24 06:32:30.179+00,2026-06-24,0,0,0,440.00,440.00
41534223-f441-42ad-9ddf-ab7876e8555a,+66838339444,ณัฐพร กอศุภฤกษ์ชัย,66fe3ba60dc50ec6c8529257,{later_newcrm},2026-04-19 10:41:11.936+00,2026-04-19,795.00,0.00,408.00,0.00,408.00
ae9d52bd-23bc-4294-8a86-0fba84206c71,+66918324650,ธีรวรรณ บุญคำ,66a313b6981136ac4709b1b2,"{later_newcrm,mongo_sync_gap}",2026-06-04 05:12:59.898+00,2026-06-04,0.00,598.00,398.00,0.00,398.00
55b198ec-9b54-410b-a557-8d14d7bd38ff,+66915310134,ธัญพิชา จันทร์รุ่ง,66c9a8ad833b6ce46c376c39,"{later_newcrm,mongo_sync_gap}",2026-06-04 13:07:07.039+00,2026-06-04,1485.00,0,0.00,385.00,385.00
95dd54c4-8f44-4764-90cf-205a31d12c83,+66624141405,สวิตตา กัลยาณมิตร,68d5ed388047f080cf07839b,"{later_newcrm,mongo_sync_gap}",2026-06-24 06:59:18.242+00,2026-06-24,0,0,0,384.00,384.00
c00110c8-2440-47d5-b36c-d12153debe62,+66807339899,Oak Thanawat,65413f67d6b1732a1ec608d1,{later_newcrm},2026-03-04 06:42:33.4+00,2026-03-04,1755.00,540.00,384.00,0.00,384.00
cd3491bf-e717-44a5-abdd-2c679cce0074,+66970947573,ณัฐฑิตา เสาะสมบูรณ์,68a82a6c87848cbc6c651792,{later_newcrm},2026-03-30 08:43:45.394+00,2026-03-30,0,0.00,379.00,0.00,379.00
e17610f1-8f95-446c-a32f-8cf20691d9ae,+66869462683,สมศักดิ์ บรรจงเมือง,65413f68d6b1732a1ec60995,{later_newcrm},2026-04-15 04:13:12.765+00,2026-04-15,9938.00,0.00,371.00,0.00,371.00
169434fe-4c0c-46b4-9c9b-15dac2e90009,+66819048848,Pitcha🌻,65413f54d6b1732a1ec5f909,"{later_newcrm,mongo_sync_gap}",2026-06-16 07:19:33.854+00,2026-06-16,1614.00,5013.00,357.00,0.00,357.00
2bf4c173-a88f-4e16-915e-fd83fe1c5252,+66826159819,สุรพัศ แก้ววานิช,68d3726dd11c93a7025ca68d,"{later_newcrm,mongo_sync_gap}",2026-06-16 09:24:18.119+00,2026-06-16,0,0,0,354.00,354.00
b12070ac-a9be-4a4d-aac2-9a8f86f12706,+66810821642,อัครพนธ์ สิงห์งาม,67c55c9505e9d1d86e1ad419,{later_newcrm},2025-03-03 07:52:55.567+00,2025-03-03,0,0.00,324.00,0.00,324.00
cf3e4ac5-31ca-491d-b599-a8f9b9ac20b2,+66899764141,บรรเจิด จันทะระ,66976add542efa4fb60e9039,{later_newcrm},2026-06-13 04:42:04.982+00,2026-06-13,7217.00,260.00,322.00,0.00,322.00
78fa7f1f-e6ab-4269-9779-9ee7ba8b77c5,+66813888726,มะตอเฮ  ดือมอมะ,65d035ca7ff1cec9ffec30c4,"{later_newcrm,mongo_sync_gap}",2026-06-24 06:02:02.099+00,2026-06-24,628.00,0,0.00,312.00,312.00
0f937ace-3b87-44e9-9f9b-6549486e5f73,+66960058195,อนิรุทธิ์ ชลารักษ์,67931676c6463713703ab23d,{mongo_sync_gap},2025-01-24 04:27:57.768+00,2025-01-24,0,0,0.00,294.00,294.00
a32a8f43-dce2-43f5-87ac-d7b12f232a09,+66947843014,นิราภรณ์ ทรัพย์วิริยะกุล,69cb2011f477d9c27a64dfde,"{later_newcrm,mongo_sync_gap}",2026-06-24 07:14:06.735+00,2026-06-24,0,0,0,289.00,289.00
3ad89e23-176b-45f2-a538-7c3ebfb0f122,+66931617764,เกวลิน สุทธมาต,669c9b25da59ebf0fbd0048b,"{later_newcrm,mongo_sync_gap}",2026-06-26 09:50:13.899+00,2026-06-26,0.00,0,0.00,281.00,281.00
92e2da29-de91-4a3e-9002-726e13df2f8a,+66967297390,จุฑารัตน์ อินสอน,65413f47d6b1732a1ec5ed2d,"{later_newcrm,mongo_sync_gap}",2026-06-28 07:39:26.184+00,2026-06-28,450.00,0,0,265.00,265.00
ab7067cd-213a-4539-a05a-634f2f7a2617,+66829144272,รัชฎาภรณ์ ทวีโคตร,67a842bf29f632d514add01f,{later_newcrm},2026-06-18 11:03:10.785+00,2026-06-18,0.00,77.00,260.00,0.00,260.00
8e7bbf0d-3793-40b1-979d-a749a6f4a796,+66971493149,ศรีโพ จุ่นพันธ์,6954d9ba8f083b175d4319ab,"{later_newcrm,mongo_sync_gap}",2026-06-24 12:06:31.927+00,2026-06-24,0,0,0,259.00,259.00
9cefd9f0-ab62-4426-8fc2-344ebcd55815,+66876522578,จำรัส ที่อุปมา,67f7af73010f8f84df859ca7,{later_newcrm},2025-08-11 10:15:18.431+00,2025-08-11,0,0.00,248.00,0.00,248.00
6d40f5ec-da82-4a81-b382-6f508b344708,+66819168564,ธีระพล สัจจะวิสัย,674adaf9c6a1827801bb37ba,{later_newcrm},2026-01-15 13:29:49.921+00,2026-01-15,229.00,0.00,226.00,0.00,226.00
4506ca7e-dc61-4d4b-b0ae-a11cea60aa62,+66933262600,สมชาย จอกโคกสูง,655f0bd2d16c226c47351b37,{later_newcrm},2026-02-28 08:38:41.001+00,2026-02-28,869.00,81.00,220.00,0.00,220.00
aea7d5a3-1be1-4ee7-a02f-0b20b449fd37,+66838787499,ปุริมพล โกมล,6927d295b0ad5636d30712ac,{mongo_sync_gap},2026-05-24 06:30:46.679+00,2026-05-24,0,0,0,213.00,213.00
2bec1b40-59f3-437e-837c-8efbeb58b416,+66802579821,สรินยา ฝั่งไธสง,671660f9a61d7e6999c72b2a,"{later_newcrm,mongo_sync_gap}",2026-06-27 06:06:41.259+00,2026-06-27,0.00,0,0.00,210.00,210.00
deebc866-8a2e-4ef0-b931-8fc8404543a1,+66639159596,กฤชณัท แดงกระจ่าง,6724c377220985e71499deec,"{later_newcrm,mongo_sync_gap}",2026-06-08 15:23:52.46+00,2026-06-08,0.00,0,0.00,209.00,209.00
65e0d8e2-b7e8-476a-934e-ee0b2613f6ca,+66901991656,อรรถพล เมฆาพร,656b0189a7379d24b92816f4,{later_newcrm},2026-07-08 12:45:06.723+00,2026-07-08,1320.00,246.00,205.00,0.00,205.00
b1e302da-8d97-46de-80dd-e8956425eeac,+66621094155,เมธาวี ดวงเพชร,65487e3f4dc5c2da5fdc9855,"{later_newcrm,mongo_sync_gap}",2026-06-02 09:38:23.218+00,2026-06-02,1076.00,10.00,200.00,0.00,200.00
d07d6365-0f1d-428c-9395-bb86e0711c69,+66855426654,โสรยา ประสพสุข,66c9a118bb733d5d8705c4ca,"{later_newcrm,mongo_sync_gap}",2026-06-17 13:24:01.507+00,2026-06-17,753.00,0,0.00,197.00,197.00
cb031fc9-e8a2-46da-8409-aa5cfc77c88a,+66819512403,ดณุพงค์ ใจธรรม,67a5bfc860a20f81849d9214,"{later_newcrm,mongo_sync_gap}",2026-06-20 06:41:37.695+00,2026-06-20,395.00,0,0.00,195.00,195.00
ac6af112-d0ca-44b7-b03b-5b9ccf08188a,+66813685049,กะละห์ปูกระเบื้อง🤍,65413f6bd6b1732a1ec60c81,"{later_newcrm,mongo_sync_gap}",2026-07-05 06:01:03.242+00,2026-07-05,3054.00,229.00,181.00,0.00,181.00
c76a935c-4bff-4be7-a010-adb5752d9f02,+66826302792,ศศิมาพร  ดอรอวงศ์,6a4a2a29d53c41b19aa0387e,"{later_newcrm,mongo_sync_gap}",2026-07-05 10:02:54.883+00,2026-07-05,0,0,0,175.00,175.00
be659cb9-8537-46ee-912f-68643a1c1626,+66928484879,วัฒนากานต์ วีระเทศ,6568314bb188295efcc273c1,{mongo_sync_gap},2026-06-01 01:56:34.641+00,2026-06-01,1151.00,0,0,167.00,167.00
4a49692c-5dda-495d-881d-d8ecb46ef70f,+66614853467,นาย ปาฏิหาร   แก้วสมพงษ์,6a195010654c118a1ed3f76f,{mongo_sync_gap},2026-06-16 09:03:45.536+00,2026-06-16,0,0,0,165.00,165.00
c6da61e3-347f-4d10-b65f-a329359a780e,+66861355960,กฤษฎิ์ เปลี่ยนขำ,67e8e5085cf62e0c709e15e3,"{later_newcrm,mongo_sync_gap}",2026-05-09 05:15:44.073+00,2026-05-09,255.00,2031.00,161.00,0.00,161.00
f58dfe80-7d93-4ff5-9f3d-2a8603527518,+66933893317,มนัส พระสว่าง,65695159ce749ea73f049894,"{later_newcrm,mongo_sync_gap}",2026-06-16 06:55:12.417+00,2026-06-16,2148.00,251.00,159.00,0.00,159.00
366d7c0b-498b-483d-9965-f8dede770702,+66937398686,สุมาลี ขวัญศรี,671ca9bc91c0eac90144ba37,"{later_newcrm,mongo_sync_gap}",2026-06-27 02:11:31.01+00,2026-06-27,0.00,469.00,140.00,0.00,140.00
ab0eed90-6825-4c0c-bc94-f327cbc141e0,+66949070716,ตอเต่า ตาหวาน,65413f44d6b1732a1ec5eafd,{later_newcrm},2026-07-08 15:09:27.923+00,2026-07-08,0.00,0,0.00,136.00,136.00
a71e425d-82b5-47f5-8a26-013a2a346b62,+66910508716,รวิวรรณ จันทโคตร,65532a96a5707806f44a54d4,{later_newcrm},2026-06-24 08:14:27.609+00,2026-06-24,3421.00,17.00,135.00,0.00,135.00
a9ba04ad-1935-454e-a389-3f455f43ae23,+66994452357,ชลชาติ ลุนจันทา,66a4b61b5523842822894216,"{later_newcrm,mongo_sync_gap}",2026-06-26 08:47:00.84+00,2026-06-26,0.00,0,0.00,135.00,135.00
d4763dbd-a017-43b5-be8b-5eacd2f56c9a,+66899849589,วราภรณ์ รอดเสถียร,6565d2625cd12656e0ac8cf4,{mongo_sync_gap},2026-06-08 15:12:21.788+00,2026-06-08,324.00,0,6.00,121.00,127.00
225436c6-e6e4-4f31-9725-29d648797207,+66610720396,ศรัญญา ศรีสะอาด,6567f73b53be67b4b161520c,"{later_newcrm,mongo_sync_gap}",2026-06-12 11:51:28.084+00,2026-06-12,3669.00,610.00,124.00,0.00,124.00
88183005-9b86-428b-ba99-afebf9dda278,+66968066597,เปรมฤดี สำเนียง,68f9bc560b0283fe1abb3b83,"{later_newcrm,mongo_sync_gap}",2026-07-08 04:16:01.608+00,2026-07-08,0,0,0,122.00,122.00
a867fe91-cf9f-4c8f-9238-0c6e7adc179d,+66937590492,จักรกฤช ยินดีทรัพย์,655ebefe90077b90f6068e19,"{later_newcrm,mongo_sync_gap}",2026-06-17 09:58:58.104+00,2026-06-17,430.00,0,0.00,122.00,122.00
38bae040-eef8-4602-94d1-58f2df7489e1,+66847619796,สุธี รอดเสถียร,6553477d3063ade0779b155e,{mongo_sync_gap},2026-06-08 15:12:21.896+00,2026-06-08,1668.00,37.00,120.00,0.00,120.00
9b0fa442-1bac-44ab-95a8-9a05515117e9,+66961432056,ศศิวิมล มีม้วน,6a2aabbc360cb998f1bd301f,{mongo_sync_gap},2026-06-24 10:27:28.248+00,2026-06-24,0,0,0,120.00,120.00
0c2ecc66-52a7-4fe7-bd2b-1ef0b9f1e5c9,+66829913885,สลักจิตต์ เสียงเสนาะ,654af99f3be528ce10ea0372,{later_newcrm},2026-06-18 15:40:37.887+00,2026-06-18,1206.00,47.00,119.00,0.00,119.00
c4eb77cd-1004-43ca-bfcc-8a0bccf1be38,+66648916582,ชนัญญา จันสอน,6567de5653be67b4b15b7c24,"{later_newcrm,mongo_sync_gap}",2026-07-05 09:00:59.004+00,2026-07-05,0.00,0,0.00,118.00,118.00
dad22722-0109-46bf-94e3-84ae3668505e,+66632091337,ธนากร อุตโรกุล,67dbac23b90f211f7353d9ad,{later_newcrm},2026-06-19 12:22:18.488+00,2026-06-19,38.00,54.00,118.00,0.00,118.00
2e2b645b-4a92-4f2f-80cc-23af189d7808,+66989141926,วิทวัส ทวิสุวรรณ,6556c87483ce8659fd3f8d58,{later_newcrm},2026-06-05 08:00:04.267+00,2026-06-05,493.00,6.00,110.00,0.00,110.00
f596f347-c4e9-466e-955c-15cce84ecb25,+66878322002,ปุ๊กลุ๊ค,65680575b188295efca43586,{later_newcrm},2026-06-26 10:27:22.51+00,2026-06-26,2851.00,163.00,100.00,0.00,100.00
dfdc5e6b-f8e3-4f2f-abed-80249620bcb7,+66938355535,Rose,65681840b188295efcb677df,{later_newcrm},2026-07-08 12:51:22.438+00,2026-07-08,4104.00,0,0.00,98.00,98.00
249a37be-19ae-43ba-9b51-3d936e78da62,+66885109007,ประชัน โชคบัณฑิต,6553372e1787324e63d298e1,"{later_newcrm,mongo_sync_gap}",2026-06-24 05:57:51.131+00,2026-06-24,609.00,0,0,91.00,91.00
42f4c9f7-f9d5-4c45-82c3-82e4609c0efb,+66922739384,ปาณิศา ชื่นรัมย์,655db43e20358140072775bd,"{later_newcrm,mongo_sync_gap}",2026-06-26 08:11:14.256+00,2026-06-26,2511.00,0,0.00,91.00,91.00
66817992-259a-4619-976f-1e94d8a960fc,+66955765062,ปิยะวรรณ โสภาเพชร,6565affc5cd12656e09efc70,{mongo_sync_gap},2026-05-25 02:25:41.052+00,2026-05-25,0.00,0,0.00,89.00,89.00
e938c9bd-56ab-4514-b743-f29c30981d1d,+66833742420,กัญญารัตน์ ยงคง,65413f5dd6b1732a1ec60049,"{later_newcrm,mongo_sync_gap}",2026-06-24 08:11:29.334+00,2026-06-24,0.00,0,0.00,89.00,89.00
c23ed51e-dcd6-4571-af2a-7d4abd76679f,+66937217095,Rungna,65413f58d6b1732a1ec5fbd9,{mongo_sync_gap},2026-05-09 06:32:24.091+00,2026-05-09,306.00,0,56.00,31.00,87.00
6f3c7f2d-c6e7-405f-aefc-bdbe9c85d4de,+66642825674,ภัทร​พล วังคะฮาด,6555a54238a9666a9c3c4203,{later_newcrm},2025-08-02 07:08:43.604+00,2025-08-02,0.00,1095.00,81.00,0.00,81.00
90829544-94b2-4a65-9636-f2ae982e2eea,+66612704829,ดวงพร คุณกุล,665839237cb088a4d63dea7f,"{later_newcrm,mongo_sync_gap}",2026-06-28 04:04:51.753+00,2026-06-28,884.00,0,23.00,58.00,81.00
491b5e4f-bc49-43bb-920c-ed40018230f0,+66852533760,🎋🥕เด็N ดoย 🌻🌻,65545654415a5d9aa75e39dc,{later_newcrm},2026-06-08 14:54:43.072+00,2026-06-08,1202.00,15.00,79.00,0.00,79.00
d1bca277-2aba-4bb9-9ea2-cbe7109264da,+66818072084,สุรศักดิ์  สิริวรวิทย์,6694e1d330baa5401765db0a,{later_newcrm},2025-06-17 17:01:57.686+00,2025-06-17,0,60.00,79.00,0.00,79.00
e2845469-7695-41f7-96a1-53057bc40601,+66640546518,เอกพงษ์ ชมพูพื้น,67e613b970b260eed6a65287,{later_newcrm},2025-09-26 07:18:33.911+00,2025-09-26,0,1160.00,77.00,0.00,77.00
373221c3-c3b2-4e82-ae2f-dc471078e042,+66895563811,นภัสสร กัลยา,6731d7ddcdf216fb22f543ba,{later_newcrm},2024-11-11 15:56:45.649+00,2024-11-11,0,0.00,75.00,0.00,75.00
94e8def6-2b61-4229-afc5-bd2dc289280f,+66812949082,อนุรักษ์ กล่อมสุวรรณ์,66ac500e1cee7e255d491885,"{later_newcrm,mongo_sync_gap}",2026-06-04 13:07:07.097+00,2026-06-04,141.00,342.00,75.00,0.00,75.00
555abc14-5d3e-463b-9d57-569a4f2fa8e5,+66650520922,ผกามาศ  ต่ายเมือง,685131b053d2018eeca8e706,"{later_newcrm,mongo_sync_gap}",2026-07-08 10:57:48.828+00,2026-07-08,0.00,0,0,74.00,74.00
d90975e9-e084-4cc6-8709-5c0bc2c54b1b,+66985832251,นันธิชา รูปงาม,68ea3ea0ee621cb15071cc13,"{later_newcrm,mongo_sync_gap}",2026-06-24 05:54:53.52+00,2026-06-24,0,0,0,70.00,70.00
f59ba826-7f68-451d-9968-c8029f70397e,+66872444401,สุชาดา ภูมิสุข,654c675bbc8d51bf6ae05367,{later_newcrm},2026-06-13 06:36:48.212+00,2026-06-13,73.00,24.00,67.00,0.00,67.00
17d52d2b-9325-479b-ba6b-f604f70c38e1,+66984901938,สุทธิชัย  แก้วคำ,6566d5a7285bf1f861d3b2db,"{later_newcrm,mongo_sync_gap}",2026-05-04 10:53:24.166+00,2026-05-04,1623.00,103.00,64.00,0.00,64.00
09b753ab-6f76-46e6-95b6-4d9067a5490c,+66815891429,นันทวัน ท่าหาด,655dc0bf53039f6a991d9b9c,"{later_newcrm,mongo_sync_gap}",2026-06-24 06:10:24.189+00,2026-06-24,0.00,0,0.00,63.00,63.00
1715783c-f5ac-4de0-a04d-1f60c6e05d22,+66948527595,รัสสุกี สิทธิวงศ์,699e9ec1029d808aaedcdfb1,"{later_newcrm,mongo_sync_gap}",2026-05-18 09:27:17.913+00,2026-05-18,0,0,0,63.00,63.00
6a7bbfc6-50aa-4acb-9713-fc848f21dc14,+66929594282,ชาญชัย มงคลฤทธา,6806003a5f7ddb1be79a08ab,{later_newcrm},2025-04-24 09:30:14.203+00,2025-04-24,0,0.00,62.00,0.00,62.00
db18cead-6e46-4692-9b09-499841056796,+66814865274,อำนาจ บุญเครือพันธุ์,67ee3ff130ef9ae2d669cb58,{later_newcrm},2025-04-03 08:57:16.21+00,2025-04-03,0,0.00,60.00,0.00,60.00
dbbe46da-998c-47e4-9bc1-1024934fbd79,+66868989772,พรพิมล สิทธิถาวรทรัพย์,68945ac3bff09e124a6967fa,"{later_newcrm,mongo_sync_gap}",2026-06-02 07:30:18.703+00,2026-06-02,0,0,0.00,56.00,56.00
41ffe054-bc16-4d3a-9120-bc551b76991c,+66629538217,พงศ์เพชร เพชรรัตน์,681421cab1e202f9103ec1a0,{later_newcrm},2026-07-08 10:42:23.87+00,2026-07-08,0.00,0,0.00,54.00,54.00
82dae9d7-7180-46d7-8f1f-be2d54d188db,+66829241411,กันต์พจน์ ปรีชาส่องแสงลาภ,65533da41787324e63d5e03e,"{later_newcrm,mongo_sync_gap}",2026-07-08 12:29:50.419+00,2026-07-08,412.00,0,0,50.00,50.00
c354ca33-d7f5-4f68-ac1f-f8bfaf4bdb88,+66611928035,ปิยะวรรณ จั่นเพ็ชร,686e62cdfdda7dec04300280,"{later_newcrm,mongo_sync_gap}",2026-06-25 04:33:40.206+00,2026-06-25,0,0,0.00,47.00,47.00
38d7d780-3e9d-4108-ab95-8c1a52323837,+66923650522,ภาคินัย ร่วมจินดา,65e042b9f594d02b1127eed2,{mongo_sync_gap},2026-06-12 07:12:58.601+00,2026-06-12,630.00,0,0.00,42.00,42.00
e2928ea4-087f-401e-8b9d-cae6fdf0ca13,+66612230973,ธนาพนธ์ แสงรุ้ง,6a3cbeb0f1e3557815348ab6,{mongo_sync_gap},2026-06-27 09:24:59.417+00,2026-06-27,0,0,0,38.00,38.00
66ea3834-0442-40b7-8992-317237e71062,+66898359645,อุดม ใจแสนวงค์,662772cd2b32bcdf17b47f20,"{later_newcrm,mongo_sync_gap}",2026-06-27 09:02:54.559+00,2026-06-27,272.00,0,0.00,34.00,34.00
b82bc766-ff8b-4b6e-8215-6e8efe09fb6f,+66967486830,พิมพ์วิไล โพธิ์แย้ม,69fe8f462faef7b527f12cf8,{mongo_sync_gap},2026-06-06 08:34:30.113+00,2026-06-06,0,0,0,33.00,33.00
c0ad0757-bf8d-4b15-a81a-29a8aff8ceb2,+66983363859,ชัยฤทธิ์ ตยาคีกุล,686224154ae6c941c7423b43,{mongo_sync_gap},2026-06-05 02:14:37.653+00,2026-06-05,0,11.00,33.00,0.00,33.00
42a8eb41-f6ac-48af-99c0-2465f5d7d5c7,+66638723675,ธนวัฒน์ ดอนบำรุง,65532d4ba5707806f44c1983,{later_newcrm},2025-03-03 07:52:55.653+00,2025-03-03,0.00,39.00,32.00,0.00,32.00
f97ac591-9387-462f-9a78-b2a4ed1f7ab7,+66935780316,อดิศร พูลพร,65536c55375eb91adad56a57,{later_newcrm},2026-06-20 10:32:06.241+00,2026-06-20,1493.00,0.00,32.00,0.00,32.00
5c8d2522-fff5-471d-9fc4-1af99718b43f,+66848003432,เขมจิรา จันทรสูตร,65682b02b188295efcc0011d,"{later_newcrm,mongo_sync_gap}",2026-06-24 07:14:06.796+00,2026-06-24,666.00,0,0,28.00,28.00
027131cb-716d-4d66-ad20-bdc0044f2052,+66819215157,รุ่งทิพย์ สกุลชาติ,6556ee6383ce8659fd4b9a2f,{later_newcrm},2026-06-24 09:32:44.864+00,2026-06-24,5560.00,0.00,26.00,0.00,26.00
c10027e0-b861-4173-9d6b-6ad41627aaa5,+66910413716,Godius,65413f80d6b1732a1ec61d79,{later_newcrm},2026-05-05 10:04:49.199+00,2026-05-05,1041.00,0.00,26.00,0.00,26.00
f90d8c0c-bcbe-4ce2-9f6b-a038a44a6bb9,+66624342485,อรทัย ท้าวจันทร์,6566b209285bf1f861bf2ebd,"{later_newcrm,mongo_sync_gap}",2026-06-09 06:58:22.903+00,2026-06-09,780.00,0,0,24.00,24.00
6f264737-7583-48ab-ab51-28193e758805,+66847097705,ปิยะพงษ์ ทองจันทร์,65413f4ad6b1732a1ec5efdd,{later_newcrm},2026-06-20 05:09:51.16+00,2026-06-20,1655.00,22.00,23.00,0.00,23.00
0335f816-6993-4a10-853a-4b4ee7a2f91e,+66824316378,พงศกร นาคนุ้ย,69004ece4025c1e0263be0cb,{mongo_sync_gap},2026-06-24 05:48:34.985+00,2026-06-24,0,0,0,22.00,22.00
14059f58-bd5c-4003-aeeb-28f884a33633,+66952642239,sari arunsri,65413f8cd6b1732a1ec62b67,{later_newcrm},2026-06-11 10:05:10.578+00,2026-06-11,7252.00,0.00,22.00,0.00,22.00
23664f88-cd97-4c10-95a0-551d6775c99a,+66931264887,Thiian.🕯,65413f4bd6b1732a1ec5f089,{mongo_sync_gap},2026-05-29 09:53:25.103+00,2026-05-29,501.00,0.00,17.00,0.00,17.00
c0a8be54-2543-481b-9170-e921a9864d1e,+66836083278,อารียา แสงแก้ว,6993cdd207d26c46d51c992e,{mongo_sync_gap},2026-05-12 09:10:10.46+00,2026-05-12,0,0,0,17.00,17.00
35ea641b-01b3-4798-8fd5-f7ad74592360,+66917302467,วชิราภรณ์  ไชยวงค์,65d6d3dff594d02b11f285cd,"{later_newcrm,mongo_sync_gap}",2026-06-16 09:03:45.611+00,2026-06-16,397.00,0,0.00,16.00,16.00
fc12adec-2891-4b0d-aa04-238e9691a816,+66972621316,ทนงศักดิ์ บำรุงกิจ,67a1cdf3a3e44df46372046d,{later_newcrm},2026-03-16 02:26:27.669+00,2026-03-16,0.00,0.00,16.00,0.00,16.00
ccaae874-d240-445d-82a1-be5ea6877122,+66886908040,ณัฐวดี แถมมี,6553a494375eb91adad93c20,"{later_newcrm,mongo_sync_gap}",2026-05-09 05:15:44.127+00,2026-05-09,818.00,0,0.00,15.00,15.00
31b4bfb7-d9ed-46ec-b650-12fa0671bcc1,+66856950575,นงนภัส อุตะมะติง,67c7cb149a0310ab37d98624,"{later_newcrm,mongo_sync_gap}",2026-06-20 06:39:33.449+00,2026-06-20,0.00,0,0.00,11.00,11.00
d319b760-5a40-4641-b25d-a668a4c07721,+66947403741,กรรณิการ์ ตาวงษา,65413f5bd6b1732a1ec5fefd,{mongo_sync_gap},2026-06-11 09:47:53.097+00,2026-06-11,848.00,178.00,10.00,0.00,10.00
0271c3e6-0fe4-4910-bd9a-2c4bb8873040,+66801726141,ไชยวัฒน์ สะตะ,67cea723cabb8eb04372b3f0,"{later_newcrm,mongo_sync_gap}",2026-06-16 06:55:12.479+00,2026-06-16,300.00,31.00,8.00,0.00,8.00
436ea649-e225-4d03-a004-40f77c13117c,+66800494729,ดวงกมล ชาวเขาดิน,6a411184f1e3557815389284,"{later_newcrm,mongo_sync_gap}",2026-06-28 12:21:40.027+00,2026-06-28,0,0,0,6.00,6.00
dcd39a04-7e95-4839-b3d1-2dc858c4074d,+66829092819,สมชาย อุไกร,658975ad61cf47f2b00db2c0,{mongo_sync_gap},2026-06-18 14:57:19.24+00,2026-06-18,749.00,0,2.00,4.00,6.00
3b8abfb0-a894-4a7d-b2c5-1e06a31ef6f4,+66876582456,Ariya Laongnual,655469b25543fa41580528c3,{mongo_sync_gap},2026-05-31 03:00:18.338+00,2026-05-31,417.00,11.00,4.00,0.00,4.00
6f84356e-1cfb-45de-88cd-172d287b195b,+66863894093,ธนกร บุตรไทย,69cb4eda962fa8e8c095ba5e,"{later_newcrm,mongo_sync_gap}",2026-05-10 04:44:47.188+00,2026-05-10,0,0,0,3.00,3.00
f7560608-89bd-4735-969e-1586c0299814,+66951479719,Natchaya-หยุดจันทร์,65544f2be53fa9ae2a404290,"{later_newcrm,mongo_sync_gap}",2026-05-05 08:13:56.687+00,2026-05-05,1064.00,0,1.00,1.00,2.00
003120cf-5daf-44d3-9022-47e7a3752040,+66943022662,เสาวณีย์ ป่งกวาน,6a17e80b654c118a1ed3e003,{later_newcrm},2026-06-17 13:58:59.607+00,2026-06-17,0,0.00,0.00,0.00,0.00
00c5303d-6f2a-44fc-96bc-4838d8594d1c,+66629904907,กฤษณ์ ชัยโย,670a35beb4345dfb812c1aa3,{later_newcrm},2026-04-14 07:48:16.611+00,2026-04-14,0.00,0.00,0.00,0.00,0.00
0174a550-d45f-48c1-8296-3a4265cc60de,+66972702297,วรรณา ยอดจันทร์,69425ae29865f461e3cafe07,{later_newcrm},2026-03-27 05:25:52.551+00,2026-03-27,0,0.00,0.00,0.00,0.00
020bfbb4-c659-4315-becc-80d33237f1e3,+66815648666,ปิยะวรรณ ตัดเสื้อ,6a0ad7615216c2c554f8aec1,{later_newcrm},2026-05-20 10:33:53.262+00,2026-05-20,0,0.00,0.00,0.00,0.00
0277d347-51c5-4ee7-b445-975cb01a799d,+66981298443,เจนจิรา วิเชียรศรี,67026fc7ecd4c2068ffcbe57,{later_newcrm},2026-07-05 10:12:34.709+00,2026-07-05,0.00,6473.00,0,0.00,0.00
02b9709a-54eb-472a-ad50-6b7fd643d5dc,+66907973879,ประภัสสร จันทร์พิพัฒน์,65e0632df594d02b113b10c9,{later_newcrm},2026-06-24 06:48:25.512+00,2026-06-24,587.00,0.00,0.00,0.00,0.00
02e2f5a9-93e1-4612-89c5-788c7293b1bc,+66865904946,นารี นามบุญลือ,65413f58d6b1732a1ec5fbed,{later_newcrm},2026-07-08 14:33:28.396+00,2026-07-08,2049.00,0.00,0.00,0.00,0.00
049798af-2579-423b-9f43-465210b66024,+66897487728,เก๋,673b0169d298a3a20b730b41,{later_newcrm},2026-07-05 12:09:56.477+00,2026-07-05,0.00,10062.00,0,0.00,0.00
04c9f2bb-c731-48d8-aaf0-f3b92ef11e0c,+66657468200,ชนัญชิดา ศรอินทร์,671645c5c739d50869940dad,{later_newcrm},2026-04-08 05:31:10.65+00,2026-04-08,0.00,0.00,0.00,0.00,0.00
056247b0-7c45-4b42-8569-54e2c663e6e1,+66963434116,ชาติชาย นุตโร,68f9e5c019fe3ce077590ba7,{later_newcrm},2026-06-11 09:49:43.061+00,2026-06-11,0,4790.00,0,0.00,0.00
060b02ad-d231-4ebb-a92f-45f3b66521a1,+66660270189,บวรทัต เพ็ญจันทร์ดี,69c0ea42f8267429d37ad781,{mongo_sync_gap},2026-06-21 03:32:13.433+00,2026-06-21,0,5000.00,0,0.00,0.00
085729f9-bb8f-48d3-98e4-1d9afd53f587,+66634513344,นุช วันเครือ,6566e1ce285bf1f861db4d49,{mongo_sync_gap},2026-06-27 08:09:31.685+00,2026-06-27,538.00,4380.00,0,0.00,0.00
088058d1-7a30-4e1a-9106-b21ce4fe7dfa,+66819568833,วัชนา ทั่งสุวรรณ,699914a6cf1e804272f1538c,{later_newcrm},2026-03-06 10:29:42.069+00,2026-03-06,0,0.00,0.00,0.00,0.00
08ea9281-13d4-4cdb-9d25-f64e711708e0,+66984171351,นพรัตน์ เหยียบประโคน,657a80f1f82e3cb863e1a38a,{later_newcrm},2026-06-04 05:10:51.403+00,2026-06-04,3307.00,97.00,0.00,0.00,0.00
09ab27ce-5379-4fba-8d9b-82c0398e578f,+66949165393,วราวัลย์ จินดาหลวง,65f3ce7b4aaafb5d9c27232e,{later_newcrm},2025-09-30 01:10:36.573+00,2025-09-30,16007.00,0.00,0.00,0.00,0.00
0edc8cdc-4aa3-4382-a74a-94266dad7b1a,+66947957604,เดชา เผ่าทหาร,654af99d3be528ce10e9ff6c,{later_newcrm},2025-12-17 14:33:00.969+00,2025-12-17,920.00,1213.00,0,0.00,0.00
116a277e-0bfc-4c6d-934e-1e57f301e233,+66882366979,อาณกร หฃวนตัด,698ee862279e0e36212e8c3c,{later_newcrm},2026-05-21 11:59:18.234+00,2026-05-21,0,0.00,0.00,0.00,0.00
11a91e08-ac85-49a6-8c1f-9a2ad8d92ce7,+66872622842,เสรี​   สุนทร​พนาเวศ,6703663f7fec8a61a62df4a2,{later_newcrm},2026-03-18 06:51:57.614+00,2026-03-18,1256.00,0.00,0.00,0.00,0.00
11eda274-435b-4b29-b49b-edec1a0bfe8b,+66963126986,อภิวิชญ์ อ่ำแห,690db16b93ba355f7efb0e6b,{later_newcrm},2026-06-18 02:07:28.01+00,2026-06-18,0,0.00,0.00,0.00,0.00
124e9a1b-a3d4-44b9-8fdf-4eebe534ee5d,+66819938726,เบญจรงค์ ปิ่นอยู่,6566adba285bf1f861bc3d71,{later_newcrm},2026-07-08 07:55:38.52+00,2026-07-08,1782.00,0.00,0.00,0.00,0.00
1356e57f-72f7-448c-af91-d704a8df1752,+66813112008,Cheepchanok  Yochanang,699d297d030552bf9e507d38,{later_newcrm},2026-06-17 11:34:30.423+00,2026-06-17,0,2000.00,0,0.00,0.00
1397cc04-f69b-4d66-ba34-3bb0dea16c98,+66654402388,ศศิธร เขินแสง,668de72b0c9991a393e52ee0,{later_newcrm},2026-05-08 09:26:40.849+00,2026-05-08,1660.00,500.00,0,0.00,0.00
15a6eba0-7503-4b64-9dcd-2cf96e22c636,+66817714194,จันทร์เพ็ญ กลางบุรัมย์,6552ca43d8d9542f44a53093,{later_newcrm},2026-06-18 15:37:03.524+00,2026-06-18,0.00,3573.00,0,0.00,0.00
16b6dfbd-2f08-4f25-979f-b795f5d6f1ff,+66939493433,มณีวรรณ ศรีพินิจ,69f580122c7cc9555b88fbef,"{later_newcrm,mongo_sync_gap}",2026-07-08 10:57:48.702+00,2026-07-08,0,6815.00,0,0.00,0.00
1822760a-4b05-4eae-bc6e-57960a50cad6,+66894726933,ภิกษุ  จิตสุภานันท์,66b5be45ae2cc611bcc1fd9a,{later_newcrm},2026-07-08 12:22:17.146+00,2026-07-08,3606.00,10276.00,0,0.00,0.00
182e2545-81bd-47ea-ba5c-447079dffcfb,+66955935662,ณัฐฎาวัณย์ ธนากรจิตรธาร,68c1462cb6ee24e49b7fc15d,{later_newcrm},2025-09-29 06:08:55.731+00,2025-09-29,0,0.00,0.00,0.00,0.00
192f7286-372e-439c-8659-5a9d0c08d89a,+66958089301,ชนันธร อินทวัน,68dbfe9263e4b4136140fa46,"{later_newcrm,mongo_sync_gap}",2026-06-26 08:47:00.773+00,2026-06-26,0,3972.00,0,0.00,0.00
19a7bce5-ade4-4d42-b5ae-9de3d995627a,+66653153519,สุกัญญา จำปาเงิน,66adaff2387342fd7104743f,{later_newcrm},2024-08-03 04:21:16.801+00,2024-08-03,0,0.00,0.00,0.00,0.00
1a9d4829-ca77-48ec-bd70-b1956c070a33,+66992932623,วันชัย ถือคุณ,69392b52217b826e75889d64,"{later_newcrm,mongo_sync_gap}",2026-06-18 09:11:54.422+00,2026-06-18,0,1000.00,0,0.00,0.00
1ae6d514-b975-4890-9251-1ae78fc2d7eb,+66925872627,รณภูมิ พันละเกตุ.,67f4cc829129c8d5e54727e2,{later_newcrm},2026-02-25 13:12:39.936+00,2026-02-25,0,1547.00,0,0.00,0.00
1b7e6b6b-5ae5-4b75-8a45-8cdd4430c2e9,+66807830297,สุรเชษฐ์ ทองบ่อ,6902fb73df834e4f938ea9fd,{later_newcrm},2025-10-30 05:46:33.712+00,2025-10-30,0,0.00,0.00,0.00,0.00
1b97671e-945b-483a-ab92-885e99f8f165,+66866646745,อรพันธ์ เพชรคง,65f170ab1858a296f5108d6a,{later_newcrm},2026-04-18 00:38:23.399+00,2026-04-18,0.00,0.00,0.00,0.00,0.00
1bab6b1e-8086-496e-a16a-8a6675c7374e,+66956524224,สังเวียน สอนมา,692ed1e44af055726d81e1de,{later_newcrm},2026-02-05 13:15:28.538+00,2026-02-05,0,0.00,0.00,0.00,0.00
1cc44f1e-7110-4edb-998b-a22a9c2ba6c9,+66962672737,เกรียงไกร แป้นโพธิ์,69995c7651dcdb4a6876e766,{later_newcrm},2026-06-27 02:06:24.907+00,2026-06-27,0,9000.00,0,0.00,0.00
1cf9ea98-1367-4e9a-aca5-a082663acc48,+66817761501,เบญจพร ใจมั่น,6a49d91bd53c41b19a9e258e,{later_newcrm},2026-07-05 04:11:25.436+00,2026-07-05,0,0.00,0.00,0.00,0.00
1fb7a28a-d902-49a8-92c5-dfb3ff32ad60,+66806368496,พีรวัฒน์ โอภา,68466ac598edda2e056c489d,{later_newcrm},2026-04-08 11:48:59.719+00,2026-04-08,0,0.00,0.00,0.00,0.00
1ffbad86-6119-47b3-b152-77f4713a0f48,+66817878626,ภัทราพร วิชัยดิษฐ,65ab53d9f597943cdd10266f,"{later_newcrm,mongo_sync_gap}",2026-06-24 08:02:54.406+00,2026-06-24,0.00,2007.00,0,0.00,0.00
20395c40-cef4-4589-81f8-287514af5fe4,+66929370759,มนุราช รัตนะ,697198a780a95737a0c3e8ec,{later_newcrm},2026-06-25 09:08:04.156+00,2026-06-25,0,0.00,0.00,0.00,0.00
2149df4c-0a93-45d3-aa2e-385b38cbe2c1,+66888395538,นรายุทธ์ สุขขำจรูญ,694ba8bd1ee2fa35afecb1ed,{later_newcrm},2026-06-14 03:39:15.461+00,2026-06-14,0,7590.00,0,0.00,0.00
21cfba48-fa4c-4f22-934f-5a077452f2c5,+66804713091,อำนาจ ศรีลิพิน,682c746c9e2ae566843c2aeb,{later_newcrm},2026-06-19 12:22:18.394+00,2026-06-19,526.00,0.00,0.00,0.00,0.00
22e9d8b1-213a-4b66-b669-52335667e293,+66815407317,อับดุลอาซีซ แวนาแว,6a4a0770d53c41b19a9f690d,{later_newcrm},2026-07-05 07:30:12.381+00,2026-07-05,0,0.00,0.00,0.00,0.00
23463047-cc1c-42b1-87cd-2df216039903,+66654922661,วรรณนิศา  หยูคล้าย,67d2399870579c688f28a339,{later_newcrm},2026-05-22 11:20:43.571+00,2026-05-22,0.00,0.00,0.00,0.00,0.00
23a4a83d-e012-478d-86c0-327f5071b43b,+66818409017,Narong & Bruce 李泽南,65413f4dd6b1732a1ec5f291,{later_newcrm},2023-10-31 17:54:21.428+00,2023-10-31,0,6792.00,0.00,0.00,0.00
23b44a11-1189-4406-8521-6d992df4cf1d,+66882010056,มนตรี เกตสิทธิ์,66e254672620a1c42cf3eef8,{later_newcrm},2026-03-21 05:12:52.583+00,2026-03-21,57.00,0.00,0.00,0.00,0.00
24628202-21f2-4558-9dc9-40b8d382eb56,+66914165208,ปรีดา พสุรัตน์,697ae80792106eed3e34d9fd,{later_newcrm},2026-06-25 04:59:46.088+00,2026-06-25,0,0.00,0.00,0.00,0.00
24c8f546-2cc2-481f-9d3f-625a76f5f85d,+66631913858,อลงกรณ์ ว่องธวัชชัย,6893026c544880a06e454431,"{later_newcrm,mongo_sync_gap}",2026-06-05 04:04:49.344+00,2026-06-05,0,9805.00,0,0.00,0.00
24d466de-24b9-42af-8efe-33fd25960ff2,+66869354373,กฤษดางศ์ นาคธรรมชาติ,65d5b6c5f594d02b11cb0a8d,{later_newcrm},2026-05-19 07:44:40.51+00,2026-05-19,0.00,0.00,0.00,0.00,0.00
25c836c7-0df0-45d7-9317-c9ad741e67f7,+66937601523,กรรณิการ์ กะตุดเงิน,66a9947b14afd3420e84948c,{later_newcrm},2026-07-08 12:42:42.847+00,2026-07-08,0.00,0.00,0.00,0.00,0.00
26ce52f1-4954-4548-9d60-b2a2762e2212,+66839740811,สิทธิโชค ไตรภพภูมิ,6567fe5ab188295efc9f6ba9,{mongo_sync_gap},2026-05-31 03:00:18.399+00,2026-05-31,885.00,2.00,0.00,0.00,0.00
26fc2805-3176-449b-9082-029b4fc240ce,+66852952747,มะวารดี  เจ๊ะยะ,65e3cc67fac4046b950ffa8d,{later_newcrm},2026-06-07 05:08:32.789+00,2026-06-07,7312.00,0.00,0.00,0.00,0.00
27a6e06c-ff93-4a62-9b15-59d470c6830e,+66629587449,สิทธิพร ผลงาม,69cb474d962fa8e8c095b9fa,{later_newcrm},2026-05-14 08:51:23.009+00,2026-05-14,0,0.00,0.00,0.00,0.00
2a301e35-7fcd-4023-a36e-df3b57b5c563,+66857358568,บุษบง น้อยกง,65413f51d6b1732a1ec5f601,"{later_newcrm,mongo_sync_gap}",2026-06-26 11:08:14.391+00,2026-06-26,231.00,2434.00,0,0.00,0.00
2b0e0e2e-5420-4d5e-9e8b-64abe579ff22,+66892921277,รจนา  คงทอง,69afb05bc64fe7c68596ff1b,{later_newcrm},2026-07-08 08:44:19.877+00,2026-07-08,0,0.00,0.00,0.00,0.00
2b97698c-9d56-4efe-9189-e095467e99da,+66982468633,นายหลาว เคือสุขใจ,684fde890257885509cb062f,{later_newcrm},2025-06-16 09:10:26.06+00,2025-06-16,0,0.00,0.00,0.00,0.00
2d8a6fd7-32ee-47c9-8a2d-2b2b672a9c7e,+66942510057,ohm0789,65413f8bd6b1732a1ec62910,"{later_newcrm,mongo_sync_gap}",2026-06-27 01:58:13.06+00,2026-06-27,529.00,869.00,0,0.00,0.00
2d9e5d7f-b5d7-46aa-ae28-ebb0d9294c76,+66618036664,นภสร นิลสุวรรณ,65413f6cd6b1732a1ec60cf9,{later_newcrm},2026-04-03 02:08:17.454+00,2026-04-03,2656.00,0.00,0.00,0.00,0.00
2dbc531d-f9e8-43e3-83f2-ee5ff28432d1,+66885944423,นิวัตร บุญขันธ์,667a76c9e5eb0332811cfcd3,{later_newcrm},2026-05-27 01:38:47.909+00,2026-05-27,0.00,6570.00,0,0.00,0.00
2ebc4710-ffc8-419a-b9db-237064d7dab6,+66939911148,ภาสกร หาดทวายกาญจน์,65413f60d6b1732a1ec602c9,{later_newcrm},2026-06-25 10:52:57.685+00,2026-06-25,0.00,7532.00,0,0.00,0.00
31705816-258b-4edc-b26b-e4e645cc80df,+66817902939,ปราโมทย์ ปราบภัย,6566b316285bf1f861c02126,{later_newcrm},2026-07-08 13:49:23.542+00,2026-07-08,0.00,29326.00,0,0.00,0.00
3275df1d-e37b-4b05-a574-10ff8676e365,,,67d2902acc5b1e2b5a7c320b,{later_newcrm},2025-04-03 06:27:01.895+00,2025-04-03,0,0.00,0.00,0.00,0.00
3590022b-daeb-4d1c-8198-8bbe0d520ab6,+66952316877,🌺🦖May*-*KKN🦖🌺,65413f59d6b1732a1ec5fcc5,{later_newcrm},2026-06-24 06:24:14.065+00,2026-06-24,290.00,55.00,0.00,0.00,0.00
36150963-5ebc-4dc9-b0cc-70e144f9f1ac,+66917235657,เหมือนฝัน บุญเรือง,66e2a27337b5e43b8d1165df,{later_newcrm},2025-12-21 09:26:13.045+00,2025-12-21,0.00,0.00,0.00,0.00,0.00
36579b75-5865-48d3-98f8-f17dc67829cf,+66932424939,เพ็ญศรี  แก้วกิตติคุณ,65c334296012ddcfdd17291c,{later_newcrm},2024-02-07 07:44:52.789+00,2024-02-07,0,0.00,0.00,0.00,0.00
39e0724c-b6b9-4822-88fb-688156626a1e,+66933992641,นิตยา ห่มป่า,679b5621738c06b72462eb29,{later_newcrm},2026-07-08 15:09:27.761+00,2026-07-08,0.00,21455.00,0,0.00,0.00
3b8e5bf6-3f0d-4cb2-9cbd-98d5ca2df31e,+66625310609,พิชญา ศิริกังวาล,68ddf840005b2cad7b83333b,{later_newcrm},2026-02-19 07:23:54.283+00,2026-02-19,0,0.00,0.00,0.00,0.00
3c785c95-9229-4319-9fa1-811b70914ed6,+66979856432,พิไลพร วรรณนิยม,68fc52b8d7cd47d1478ed43c,{later_newcrm},2026-06-24 06:00:24.788+00,2026-06-24,0,0.00,0.00,0.00,0.00
3d126327-07d6-42f0-a98e-a278081513d7,+66818764990,อนุชา หมู่อำพันธ์,66bdc62544d767bc27f88025,{later_newcrm},2026-04-22 13:28:39.755+00,2026-04-22,1412.00,0.00,0.00,0.00,0.00
3dd7ac46-c4b6-4cab-a88f-37a29081b0cc,+66938264570,ทินกร แสงขาว,65413f67d6b1732a1ec60929,{later_newcrm},2026-06-28 04:04:51.642+00,2026-06-28,0.00,3069.00,0,0.00,0.00
40d57500-b4c2-4e62-a976-3c66eba337ff,+66928422147,สุวรรณ ศุขเสวี,68304dd846b13521c67a1665,{later_newcrm},2026-05-13 13:19:40.272+00,2026-05-13,0,0.00,0.00,0.00,0.00
40d697c7-d1f1-4fe4-9aac-52868df23646,+66877938893,วรพล วัฒนจึงโรจน์,683c0a2382116f7196e91782,"{later_newcrm,mongo_sync_gap}",2026-06-23 01:38:24.393+00,2026-06-23,0.00,4721.00,0,0.00,0.00
420fa0aa-849c-4527-806f-cbc104fafba2,+66623026506,สุภาพร เมาหา,65e585ba521fccd961ad44f6,{later_newcrm},2026-06-17 11:05:03.378+00,2026-06-17,0.00,0.00,0.00,0.00,0.00
4355098f-df5b-4a5e-919c-0c002722dfb2,+66934456275,สิริกานดา แก้วมาตร,65413f69d6b1732a1ec60ad1,{later_newcrm},2025-10-21 13:40:45.46+00,2025-10-21,0.00,213.00,0,0.00,0.00
44bda93e-b7c2-4715-be2d-2a7f1723ace8,+66944395492,พานิชย์ ศรีอุบล,662a2cdb57324743e39d2330,"{later_newcrm,mongo_sync_gap}",2026-06-24 06:43:39.585+00,2026-06-24,0.00,2441.00,0,0.00,0.00
453dd168-11a4-444d-a261-b9bd3e2d97af,+66818937550,นายกนก เหง่าประเสริฟญ,65c5f1297ff1cec9ff4362a3,{later_newcrm},2024-02-09 09:36:26.533+00,2024-02-09,0,0.00,0.00,0.00,0.00
45833ed1-a917-459d-9ff7-d3472ee5bf7b,+66817378006,รุ่งฤดี คงแป้น,675a673e1c4fc3022b7a3f5a,{later_newcrm},2026-06-20 05:00:48.228+00,2026-06-20,0.00,54990.00,0,0.00,0.00
465dae9a-01fa-49ca-b3f1-957deb899d5d,+66817589416,อุ๊,65413f78d6b1732a1ec616f1,"{later_newcrm,mongo_sync_gap}",2026-06-26 09:30:31.049+00,2026-06-26,5470.00,54788.00,0,0.00,0.00
469432c0-249d-42ae-b086-88df9d9f4ad3,+66981931380,สิรภพ ไชยคราม,67d7afb6af1339fc4fcbcb64,"{later_newcrm,mongo_sync_gap}",2026-06-24 09:32:44.744+00,2026-06-24,0.00,10590.00,0,0.00,0.00
46a3966a-bd79-4dfb-9c35-604deda16752,+66614528369,รัตนดา ภูธร,6a2a7527360cb998f1bd2ad2,{later_newcrm},2026-06-24 06:32:19.111+00,2026-06-24,0,0.00,0.00,0.00,0.00
4a9f68ec-b540-4952-9b6d-68e71f0c77f5,+66953072247,Nut ...JORAKAY 🐊,65413f5bd6b1732a1ec5ff1d,{later_newcrm},2026-06-13 06:04:17.953+00,2026-06-13,1230.00,0.00,0.00,0.00,0.00
4b2bd038-630d-40ec-92dc-d13463ea3e12,+66634946208,สมควร สุขสบาย,67bd4f125d4572fc9a4c9c3b,{later_newcrm},2026-03-16 02:26:27.618+00,2026-03-16,0.00,0.00,0.00,0.00,0.00
4c118778-45dc-4650-b46e-66efcdbe3ea2,+66838365097,โศภิษฐ์ แก้วสุริยานุกูล,655321bea5707806f446cab0,{later_newcrm},2025-10-07 08:26:05.321+00,2025-10-07,20.00,58.00,0.00,0.00,0.00
4c2b3460-a4db-489d-8461-324b24390ea5,+66883281464,ณัชชานันท์ แฝงเมืองคุก,655c66a40dbfd7d5ed16a350,{later_newcrm},2026-06-21 08:24:24.815+00,2026-06-21,941.00,0.00,0.00,0.00,0.00
4d1b1877-aacd-424a-9407-8fd8df322a17,+66619036622,สุวิทย์ จำรัสศรี,68e8acf208c0b2d6c5a11b83,{later_newcrm},2026-03-15 03:08:51.103+00,2026-03-15,0,0.00,0.00,0.00,0.00
4d97da2f-75df-4744-8491-01f53c228fbc,+66807049753,พัณนิดา ศรีคชพงษ์,6a4dcb2be7aba5deb5edbe22,{later_newcrm},2026-07-08 12:18:27.041+00,2026-07-08,0,0.00,0.00,0.00,0.00
4f3f0148-3b80-4470-a507-713b9932e8cd,+66967968474,สุพจน์ พูลพันธ์,69aa47a368f514e008df6b8a,{later_newcrm},2026-05-07 07:09:06.945+00,2026-05-07,0,0.00,0.00,0.00,0.00
4f63443d-b500-447e-ac1e-0c62a15e19d0,+66636244220,ธนิดา สัตนาโค,66b4296299028b6d1f439f42,"{later_newcrm,mongo_sync_gap}",2026-06-13 06:17:25.408+00,2026-06-13,0.00,7255.00,0,0.00,0.00
509d2ec8-bc6f-4e8b-b69b-a130363090d8,+66813887274,วันเพ็ญ หัชบูรณ์,65e54b99d3d42fdf0cf61c93,{later_newcrm},2026-07-08 10:56:45.316+00,2026-07-08,0.00,5637.00,0,0.00,0.00
5128d17d-6be0-4f8b-a84f-2842cd784975,+66627391137,จิราวรรณ เพชรประดับ,654deae4110214afb0a60504,{later_newcrm},2026-05-31 03:19:09.393+00,2026-05-31,0.00,0.00,0.00,0.00,0.00
52b33f27-7938-4c0c-b385-78923ddee16c,+66985401201,เฉลิมวุฒิ สระแก้ว,65816210288d451e5b3c17f1,{later_newcrm},2026-06-20 10:17:06.13+00,2026-06-20,1248.00,0.00,0.00,0.00,0.00
53f473d1-d30a-413b-a43c-7e2991109f92,+66939219759,นายคณิศร พัสนาพิณ,67b549f6fb42c672d834fbc5,"{later_newcrm,mongo_sync_gap}",2026-06-27 01:58:12.982+00,2026-06-27,0.00,8155.00,0,0.00,0.00
549b7692-e90c-41ac-b4ca-93fd3b33b7e6,+66924999523,สุริยันต์ ตันรัตนากร,65cf252f7ff1cec9ffc6a767,{later_newcrm},2024-02-16 09:09:12.224+00,2024-02-16,0,0.00,0.00,0.00,0.00
55b00d8e-227f-4e94-9416-d21cb7f2b801,+66645046999,ปราโมทย์ ประกายแก้ว,656ab65ea7379d24b919cbcf,{later_newcrm},2025-11-28 04:29:53.597+00,2025-11-28,0.00,760.00,0,0.00,0.00
5624197e-3d04-42ea-957d-a447e2a7bf3d,+66863253266,อุชุกร ศุภพิพัฒน์,654b066b3be528ce10f0a70b,{later_newcrm},2026-06-26 09:25:13.834+00,2026-06-26,0.00,5078.00,0,0.00,0.00
56ae84b5-cb69-4edb-b7de-9f3e8945931d,+66838922686,ณัฐวรา พรางกระโทก,68f9dd8ddf834e4f93201e5e,{later_newcrm},2026-06-11 09:49:43.131+00,2026-06-11,0,0.00,0.00,0.00,0.00
57fde73c-d2cd-4e23-83f7-ca384d83546d,+66816022046,ชโนภาส ยะสืบ,684d5b9988e00e91f0186746,{later_newcrm},2025-06-14 11:24:38.698+00,2025-06-14,0,0.00,0.00,0.00,0.00
5868814f-ef00-4ae9-a12b-cb14c62f0d58,+66858294594,เรืองโรจน์ รัตนโภคาสถิต,69a542f3068890ccdface9d4,{mongo_sync_gap},2026-03-02 08:36:59.447+00,2026-03-02,0,14200.00,0,0.00,0.00
58f1d1f7-7c27-4ef6-9eff-62302aecf87a,+66890773498,ตะวัน เนียมดี,65f3c8074aaafb5d9c229df6,{later_newcrm},2026-05-29 02:13:43.42+00,2026-05-29,0.00,1374.00,0,0.00,0.00
595f400e-1dd0-481b-bec5-f82c746a91a2,+66643036690,ภิญโญ จันทร์ต๊ะวงศ์,6622192c08fa42072be29e87,{later_newcrm},2026-04-24 11:05:50.568+00,2026-04-24,985.00,500.00,0,0.00,0.00
59bd26c3-78bb-42cb-acb7-a1aac67ceba9,+66632299254,พิชญธิดา เกตุจรัส,65cb1ed47ff1cec9fff442fa,{later_newcrm},2024-06-20 01:23:57.532+00,2024-06-20,0,0.00,0.00,0.00,0.00
5a4f5880-99af-4d5a-bfc8-8c8aa2082c63,+66922524288,วิโรจน์ เที่ยงแท้,675da94c6e59cfd9b896d309,{later_newcrm},2026-06-16 04:31:29.133+00,2026-06-16,0.00,2490.00,0,0.00,0.00
5a7f8d5c-7152-41a0-b9de-13823334931b,+66937143009,สุนีย์ พรหมอินทร์,66fd4bbfaff5db31b4185117,"{later_newcrm,mongo_sync_gap}",2026-06-06 11:24:52.425+00,2026-06-06,0.00,12091.00,0,0.00,0.00
5aff5bf3-3d52-40fc-9382-e45ba98abd97,+66841993273,ไปรยา หมุดเหล็บ,654844694dc5c2da5fd29535,{later_newcrm},2026-06-27 02:15:58.09+00,2026-06-27,0.00,876.00,0,0.00,0.00
5c1a842b-25c1-4f8d-801f-a912a7fcd28a,+66870469955,ศุภวุฒิ​ ธิยัน​,65ebbf96dae0b437f18546f1,{later_newcrm},2025-09-25 03:14:31.83+00,2025-09-25,438.00,0.00,0.00,0.00,0.00
5c4bd772-99e3-43a7-8e74-9bd70d73d96c,+66979741141,ณัฐยา กนกนัครา,656b052ea7379d24b928fa54,"{later_newcrm,mongo_sync_gap}",2026-06-17 13:31:02.842+00,2026-06-17,2034.00,1417.00,0,0.00,0.00
5db1953e-5639-4576-b752-60ad2cf7eb9c,+66979503500,สกานต์ วิเศษชลธาร,65cd6e057ff1cec9ff5fcd5d,{later_newcrm},2024-02-15 01:53:10.414+00,2024-02-15,0,0.00,0.00,0.00,0.00
5e54c562-bd77-4bf6-a61b-19a853119118,+66816323439,พิพัฒน์ อรรถเอี่ยม,65d81aa3f594d02b1123bf28,{later_newcrm},2026-05-27 02:38:13.325+00,2026-05-27,533.00,0.00,0.00,0.00,0.00
5e855dc2-da67-444b-9597-3bc489606d86,+66956985434,สรยุทธ์ สิงห์เรือง,682173bfc5a88ebf367b9316,{later_newcrm},2026-06-19 09:40:42.957+00,2026-06-19,0.00,0.00,0.00,0.00,0.00
5f40b887-a8a0-444e-9a6f-eff3978304d8,+66862506130,วาสนา เขียวนอก,655c003488367c0d36846e31,{later_newcrm},2026-06-24 06:00:24.886+00,2026-06-24,1445.00,45.00,0.00,0.00,0.00
5f973ecb-2877-49c9-a3c0-a61de1c2ee0a,+66896191735,TaweewatJ,65413f68d6b1732a1ec60a21,{later_newcrm},2026-06-26 08:06:05.799+00,2026-06-26,450.00,0.00,0.00,0.00,0.00
60d71d67-6bb0-4c55-833a-75ceabd95e79,+66918518987,ณัฏฐนันท์ วัฒนาธิวัฒน์,6583b8aaf8e9301fa214d75e,"{later_newcrm,mongo_sync_gap}",2026-06-28 09:34:27.421+00,2026-06-28,0.00,6405.00,0,0.00,0.00
61834275-ca1a-422d-9a2d-ff8ddff212a0,+66960261899,ประดิษฐ์ คงทัน,69eb059cca31bbba6c170d69,{later_newcrm},2026-06-27 08:47:00.914+00,2026-06-27,0,0.00,0.00,0.00,0.00
626ac1a9-66f7-4205-b89b-d398fe794e60,+66938075561,ไพศาล แซ่ลิ้ม,66f8cb50c57320ad89ea00b3,{later_newcrm},2026-06-19 03:58:59.738+00,2026-06-19,0.00,1363.00,0,0.00,0.00
657022aa-c997-4bbc-96a9-ad18c8f6eae4,+66647757101,บันเทิง รอดูอยู่,65b4946712e71882a79aede6,{later_newcrm},2026-05-24 13:41:50.813+00,2026-05-24,87.00,0.00,0.00,0.00,0.00
667845ab-7ad5-4f2e-8426-bb14d0bc2ff0,+66615872898,จักรกฤษณ์ แก้วเพชร,65680bafb188295efcab60ff,{later_newcrm},2026-06-01 01:57:40.232+00,2026-06-01,157.00,0.00,0.00,0.00,0.00
6761dc57-bcf6-4d5f-a1a0-16c0610a3ac3,+66872677295,วีระศักดิ์  ชื่นชม,6a4dd4dbe7aba5deb5edde98,{mongo_sync_gap},2026-07-08 15:22:19.168+00,2026-07-08,0,0.00,0.00,0.00,0.00
68b4cd3d-c6f1-432f-a79c-724f6cc182b5,+66610328853,วรพต คงชู,696096be25e496d827a31239,{later_newcrm},2026-01-09 07:40:26.361+00,2026-01-09,0,0.00,0.00,0.00,0.00
692c20ac-b496-4d26-a695-39bf755e61f2,+66996141497,ณัฐธยาน์ จึงศิรกุลวิทย์,68303e00d4294a954e1f5d42,"{later_newcrm,mongo_sync_gap}",2026-06-17 12:19:39.892+00,2026-06-17,0.00,2974.00,0,0.00,0.00
6ac3a95a-0f78-4603-800d-3354c9a2b345,+66820932187,กนกวรรณ ศรีสว่าง,67c917a2c336839338cc12a8,{later_newcrm},2026-07-08 15:14:55.584+00,2026-07-08,0,10106.00,0,0.00,0.00
6c825e02-1775-4672-b53d-bc11dcf5aed4,+66932684491,นพรัตน์ เชื้อนุ่น,66c4279b9dba53ae0e553f1b,{later_newcrm},2025-04-25 03:56:15.581+00,2025-04-25,0.00,741.00,0,0.00,0.00
6f19b2a6-a193-4180-a39c-e00f2e0f6d21,+66817325670,ภัทรพร บุรินทรโกษฐ์,677dd6c88cb32551667d8b87,"{later_newcrm,mongo_sync_gap}",2026-06-24 06:42:10.707+00,2026-06-24,0.00,4645.00,0,0.00,0.00
70d64727-86b9-4b41-bcb4-296c071566c8,+66848746899,บัณฑิต ตุลาธรรมธร,65c4404e7ff1cec9ffefca15,{later_newcrm},2024-02-09 09:06:40.534+00,2024-02-09,0,0.00,0.00,0.00,0.00
7195fc1c-42fa-43da-adbe-362b46d80876,+66984170107,สมาน ปัตตะนี,6928668e837414cf96e4bcd4,{later_newcrm},2026-06-17 13:21:09.251+00,2026-06-17,0,0.00,0.00,0.00,0.00
7235052f-e7dc-4473-b762-82d8d5098e8f,+66922914323,นวลจันทร์ นิสาธรณ์,6a151aec654c118a1ed3b490,{later_newcrm},2026-05-26 08:06:50.047+00,2026-05-26,0,0.00,0.00,0.00,0.00
735354b1-5996-4e5c-801d-098570eb524e,+66959472623,Suriya Aumchan,65413f3cd6b1732a1ec5e471,{later_newcrm},2026-06-04 12:19:15.462+00,2026-06-04,2258.00,500.00,0,0.00,0.00
74ba3442-3f25-4d6e-bcd9-72ed6e617a43,+66818833445,อมร ดอนจันทร์ไพร,6881fc9b2b3141d72cd3ef19,{later_newcrm},2026-06-27 10:43:49.14+00,2026-06-27,0,0.00,0.00,0.00,0.00
75309e62-4835-4bff-99c7-987fdb08f4a2,+66910610357,วิทวัส คุณทะวงษ์,69981c4699ff9fa3c016bfd1,{later_newcrm},2026-06-14 16:18:05.531+00,2026-06-14,0,0.00,0.00,0.00,0.00
75b78f9f-5219-4021-9364-c24009c8264a,+66835775225,ธัญลักษณ์ พรหมเมตจิตต์,699efc2f2ec2d76e1eae0dd6,"{later_newcrm,mongo_sync_gap}",2026-06-28 09:34:26.675+00,2026-06-28,0,8262.00,0,0.00,0.00
7621c5a9-58cb-40b8-8430-4bd3071ef89f,+66846077460,นพรัตน์ ที่อุปมา,65e985546fdff6649da86f2a,{later_newcrm},2025-08-21 01:12:28.741+00,2025-08-21,0.00,59.00,0,0.00,0.00
76fa88d8-bc11-442b-a82e-568f00ae858e,+66890556762,ส่งศรี จีนขี,6805c2ca234f173997c1367c,{later_newcrm},2026-07-08 03:32:23.218+00,2026-07-08,0.00,93401.00,0,0.00,0.00
77b2a0ea-a21a-44f5-9c95-a05c61fb532e,+66833518890,อัจฉราพร พงษ์อุดม,654885704dc5c2da5fdd2cd3,"{later_newcrm,mongo_sync_gap}",2026-06-24 01:46:35.886+00,2026-06-24,692.00,1997.00,0,0.00,0.00
78bf17a8-413d-4f2e-aec5-68ed513fc7e7,+66877553194,อนัญญา เจริญสุข,690b05900213eb6daa38b010,{later_newcrm},2026-04-30 08:45:39.768+00,2026-04-30,0,0.00,0.00,0.00,0.00
78d10c22-e2bd-4485-adc9-16c473980164,+66652509441,ธีรวัฒน์ รัตนบุรี,67c5265a7037b5d4740601aa,{later_newcrm},2026-06-24 08:04:47.561+00,2026-06-24,0.00,0.00,0.00,0.00,0.00
798ead30-f69a-48b4-9e1f-1e8a7ef6ec7d,+66921853391,อานนท์ ศรีนวล,67f28beaa74e181a5d2062ea,"{later_newcrm,mongo_sync_gap}",2026-06-11 05:59:26.889+00,2026-06-11,0.00,1000.00,0,0.00,0.00
7a5800bc-b43f-4cb2-820b-ebf153720122,+66935455886,เอกราช สินธิมาต,687ca1d6de9e3390d8d17b3d,{later_newcrm},2026-06-17 13:53:26.105+00,2026-06-17,0,0.00,0.00,0.00,0.00
7a614bd4-5861-4a49-870a-50eb2d4d33ad,+66879079328,สุทธิกา รอดอ่วม,65413f5ad6b1732a1ec5fe5d,{later_newcrm},2026-06-14 07:29:10.79+00,2026-06-14,8825.00,3000.00,0,0.00,0.00
801dd981-ba14-4673-8288-cb7ea20b76bb,+66918587391,ผึ้ง 1,6a053db95216c2c554f85210,{later_newcrm},2026-05-14 03:41:54.175+00,2026-05-14,0,0.00,0.00,0.00,0.00
80da7269-52e0-4641-8341-cfe99d0cfc50,+66641032740,ฐากูร ทิพย์สุวรรณ,68d0e2f640a938de194c343c,{later_newcrm},2026-06-18 02:07:27.953+00,2026-06-18,0,14200.00,0,0.00,0.00
81142ae0-6d8a-4018-97cc-b5523de0ff05,+66851552989,ศิริพร อาจหาญณรงค์,67aedae115cdce1c21464c7d,{later_newcrm},2026-02-01 13:33:53.029+00,2026-02-01,0,0.00,0.00,0.00,0.00
8199b2da-f7d1-4eb8-ae42-87a03938695b,+66877097166,บุญฑิมา ตวนกู,65688baece749ea73ffae9dd,{later_newcrm},2026-06-26 10:14:50.475+00,2026-06-26,1738.00,284.00,0.00,0.00,0.00
81b16a72-1be5-42ff-8ee0-5c4ebeef1125,+66898719839,ประวิทย์ แดงก่อเกื้อ,6a093c355216c2c554f88b5e,{later_newcrm},2026-05-17 08:17:42.287+00,2026-05-17,0,0.00,0.00,0.00,0.00
81f3e157-3eed-4720-9d07-7525c2d8ba41,+66934291083,สุรารักษ์ ปัดตาเคสา,65413f4ad6b1732a1ec5eff1,{later_newcrm},2026-03-15 06:09:14.945+00,2026-03-15,1093.00,0.00,0.00,0.00,0.00
82c5cb32-1498-4daf-8e2f-a5ba0c07a8c9,+66802408119,อรจิรา งามขำ,671dba50063154bb5f1e147e,{later_newcrm},2026-06-01 03:04:49.865+00,2026-06-01,0.00,1230.00,0,0.00,0.00
82f36c1a-6de9-4ff7-9c24-3aee6e073221,+66828058916,อรอุมา คงยศ,65e810a3a09d42f469aad503,"{later_newcrm,mongo_sync_gap}",2026-06-26 09:34:44.915+00,2026-06-26,0.00,7503.00,0,0.00,0.00
83525473-e754-4156-a8cf-94da0bfe5831,+66863722900,พวงชมพู กุดเป่ง,68f9866802f9243b61f92f73,{later_newcrm},2026-03-11 07:41:33.145+00,2026-03-11,0,0.00,0.00,0.00,0.00
871d5b20-c8de-4fb4-8065-565dc8522f6e,+66818369711,กัลยา วิริยะก้าวหน้า,654b14d13be528ce10f2fa31,"{later_newcrm,mongo_sync_gap}",2026-06-24 07:58:27.183+00,2026-06-24,0.00,3239.00,0,0.00,0.00
87448ba1-631a-4237-886e-7a3f48cdbbdd,+66835021615,มัณฑนา พร้อมประเสริฐ,69e5ea9143c778fca7e327a5,"{later_newcrm,mongo_sync_gap}",2026-06-24 08:25:09.192+00,2026-06-24,0,4115.00,0,0.00,0.00
8a6e5e53-cfd0-45cf-ad3f-cbe02366c9b8,+66816027588,กฤษฎาปัจน์ ธำรงวรสิทธิ์,66ad941ee2afa8cc126f61e3,{later_newcrm},2025-12-23 06:03:43.921+00,2025-12-23,4426.00,6000.00,0,0.00,0.00
8bac39e7-f908-4757-9423-f4413f428e65,+66659256184,นิวาริน สวนพราย,67f86e8b80431e4cececfd17,{later_newcrm},2026-05-25 03:17:10.185+00,2026-05-25,0.00,0.00,0.00,0.00,0.00
8c25d64b-62da-4565-aaef-861c49214c35,+66822605938,กฤษดาศร จันทร์หอม,690481000e10e8be5c18dd31,{later_newcrm},2025-11-01 06:16:37.74+00,2025-11-01,0,0.00,0.00,0.00,0.00
8d6e3bdf-c958-4a9a-8e5b-895a3be0ce3f,+66954587614,เขมสันต์ เทียมธรรม,69d9df3f141e0efff212fc9c,{mongo_sync_gap},2026-05-31 08:37:01.476+00,2026-05-31,0,0.00,0.00,0.00,0.00
8d8a5220-2160-4958-b008-45c8318fcba5,+66969713005,เกศฎา โกศิลา,6a2e80e5360cb998f1bd6ffe,{later_newcrm},2026-06-24 06:24:13.975+00,2026-06-24,0,0.00,0.00,0.00,0.00
8f1125c3-b33c-4261-9cc7-e6aede767d3a,+66935407343,วิยะรัตน์ เดชสม,6901864ddf834e4f93b7a4dd,{later_newcrm},2026-04-03 08:47:08.288+00,2026-04-03,0,0.00,0.00,0.00,0.00
90eede70-c6fb-4277-bd3e-c0bd3fbbc3f4,+66938868688,นายอรรณพ อัศวินนิมิตกุล,667ccc63d0a18ca2e8bbf91a,{later_newcrm},2026-07-08 15:10:45.396+00,2026-07-08,0.00,1423.00,0,0.00,0.00
91f0921a-9621-475f-bafc-91204723b31b,+66982162300,สมภพ สาระพงษ์,66de5aefd914bfecb3761ac7,{later_newcrm},2026-06-21 03:14:26.486+00,2026-06-21,0.00,15966.00,0,0.00,0.00
9225386c-0e28-4c2d-90cb-0735f62f1beb,+66909344583,ธนธรณ์ อินทะสัง,67c69d2efcef5382a51c3d93,{later_newcrm},2026-04-17 10:21:07.003+00,2026-04-17,0.00,0.00,0.00,0.00,0.00
927d00d1-b037-40bf-b682-b19d48eb908d,+66894357931,ศิริพรรณ องค์ไชย,690b07240213eb6daa3934d0,{later_newcrm},2025-11-17 06:15:25.077+00,2025-11-17,0,0.00,0.00,0.00,0.00
9362e289-9a73-4f15-aee4-7514176e36b9,+66626592735,อภิวัฒน์ พิกุลกาฬ,6a49f6dbd53c41b19a9efd69,{later_newcrm},2026-07-08 12:51:22.168+00,2026-07-08,0,0.00,0.00,0.00,0.00
94eb3aad-3f92-48ac-90d2-ace6f0681d9d,+66634691695,คุณปิยรัตน์  ภาณุพัฒนพงศ์,66027f5d9d875c511f5367dc,{later_newcrm},2024-03-26 07:58:19.789+00,2024-03-26,0,0.00,0.00,0.00,0.00
97bd9fcb-0e72-4210-8965-18bd4a4d4d3b,+66968483635,นางสาวกาญจนาณัฐ คิอินธิ,69004bfa4025c1e02639b4e3,{later_newcrm},2026-01-18 04:23:35.631+00,2026-01-18,0,0.00,0.00,0.00,0.00
98c63ddb-5398-44ff-ae8e-b84d9d56fa30,+66953910244,สมปอง แสงสุข,69c4bb0da93f4464f57f26c7,{later_newcrm},2026-03-26 07:53:08.911+00,2026-03-26,0,0.00,0.00,0.00,0.00
9a14fca3-a6a0-4452-a3be-2e11a20ec0e4,+66661644065,ณัฐฐพัชร์ ไม้ทิพย์,69a141e528fa02e24cb7f910,"{later_newcrm,mongo_sync_gap}",2026-07-08 12:44:32.208+00,2026-07-08,0,10862.00,0,0.00,0.00
9b3a7859-c89d-431f-893c-3b02d3b6d7f7,+66834898384,Phatlita Kuisi,665ecf0136b542adcd68e786,{later_newcrm},2024-06-04 08:26:36.843+00,2024-06-04,0,0.00,0.00,0.00,0.00
9d4aeb1e-4a36-4944-930b-8d23fba73f74,+66817710492,จงจิตร สวัสดี,65c49b237ff1cec9ff13f3b5,{later_newcrm},2024-02-08 09:14:44.447+00,2024-02-08,0,0.00,0.00,0.00,0.00
9dde806f-14fb-4e87-b285-4da2d40c2065,+66979320991,เหรียญ  จันทะสาร,6a0c02575216c2c554f8bb6c,{later_newcrm},2026-06-20 10:17:06.034+00,2026-06-20,0,0.00,0.00,0.00,0.00
9e468853-2676-4d83-9de1-1c0291d9364f,+66618269663,จันจิรา จินดาประเสริฐ,661673b50b95c6aa7e8cbb14,{later_newcrm},2024-05-08 11:23:39.595+00,2024-05-08,0,0.00,0.00,0.00,0.00
9e54774b-4513-4e67-8b4a-6b9108bd744d,+66946536391,วนิดา ปัญญาคม,69cb875d962fa8e8c095be87,{later_newcrm},2026-06-04 04:21:15.714+00,2026-06-04,0,0.00,0.00,0.00,0.00
a0d5fc7d-210c-4841-a8a9-f7cb0ff0285f,+66805073635,ภาณุวัฒน์ แสงเดือน,69b82369a986a6675589c153,{mongo_sync_gap},2026-04-09 03:39:44.24+00,2026-04-09,0,9990.00,0,0.00,0.00
a2e96866-6710-4fbd-b707-2488d5989082,+66869497046,จิตบุณย์ ศรีมงคล,69990eb58fed8f405589ea22,"{later_newcrm,mongo_sync_gap}",2026-06-24 08:15:42.179+00,2026-06-24,0,4343.00,0,0.00,0.00
a44e4d37-1f56-4628-b507-f1fbb00e2369,+66873036827,วุฒิพงษ์ ปัญญาเหมือง,675cf800bb594a41b4db12d6,{later_newcrm},2025-12-02 08:33:21.461+00,2025-12-02,0,959.00,0.00,0.00,0.00
a4a00fb7-0f62-48f1-89b8-57d4566c07c4,+66994915695,จรัส คูณขุนทด,69075a1ac8af1a9a5c1672e9,{mongo_sync_gap},2026-05-24 14:49:11.196+00,2026-05-24,0,24500.00,0,0.00,0.00
a54f4969-e595-4718-b5c6-667d89304cba,+66615068223,รัชชานนท์ ทางทอง,69aa9d4770cd4e177dd77fe6,{later_newcrm},2026-04-23 03:44:20.26+00,2026-04-23,0,0.00,0.00,0.00,0.00
a8eeb39f-7943-4ede-94d3-2a9517498ddb,+66838392448,วาทิตย์ คงมี,68bab4f3daa9a683e849bb30,{later_newcrm},2026-04-11 11:23:44.486+00,2026-04-11,0,0.00,0.00,0.00,0.00
a9054e8f-5eec-4448-a096-00e0c0e31c4d,+66982962809,สงกรานต์ บรรณทอง,6566f824285bf1f861ecf01e,{later_newcrm},2026-06-25 03:42:48.715+00,2026-06-25,2274.00,0.00,0.00,0.00,0.00
aa7161bc-7cd6-4fec-bc36-83ebf135ad53,+66816783693,จิรารัตน์ จารึภักดีกุล,668d09de43dfd583f3c68b6c,"{later_newcrm,mongo_sync_gap}",2026-06-12 07:12:58.518+00,2026-06-12,0.00,4252.00,0,0.00,0.00
ab216741-b141-491a-9b78-8c44df456315,+66922690475,ศักดาวุฒิ สังข์แก้ว,690ae9cc9ad0177d8c903224,{later_newcrm},2026-02-25 14:14:38.39+00,2026-02-25,0,0.00,0.00,0.00,0.00
ab9d6262-3c89-4492-9f92-3505b2b501da,+66942246569,เกศิณี สิทธาธิการเวชช์,65c4903e7ff1cec9ff0ffd03,{later_newcrm},2024-02-08 08:28:09.402+00,2024-02-08,0,0.00,0.00,0.00,0.00
ac1084be-e0c6-442b-bd11-5e3eecb2c34b,+66656059525,ลัดดา ผิวรินทอง,68e87ed4a8bc4e9f57ae784e,{later_newcrm},2025-12-10 07:15:30.123+00,2025-12-10,0,0.00,0.00,0.00,0.00
ac1a235a-514b-4dec-ab2d-5fa4158f5649,+66611616374,สวรรค์ ปัญตะยัง,656aafe4a7379d24b918aceb,{later_newcrm},2026-03-13 07:19:53.348+00,2026-03-13,2583.00,0.00,0.00,0.00,0.00
aceddd39-a50e-4604-8ed6-766e4c10c5fc,+66963029564,พีระพงศ์ ทิพย์ประเสริฐ,654dce53110214afb09b3401,"{later_newcrm,mongo_sync_gap}",2026-06-27 02:03:59.848+00,2026-06-27,0.00,114.00,0,0.00,0.00
b0f4b557-211e-48ba-bdf1-618ff178bdb3,+66891076276,นริสร์ จิรายุวัฒนา,677b66b06fb998dd1d49cd1f,{later_newcrm},2026-05-09 07:00:29.953+00,2026-05-09,40.00,0.00,0.00,0.00,0.00
b1519aa8-088f-47fb-9112-75a36865ce88,+66944635925,ทินณพัฒน์ สมทาสุวรรณ,68ddf023234c171c8f55fa45,"{later_newcrm,mongo_sync_gap}",2026-06-04 13:22:08.531+00,2026-06-04,0,935.00,0,0.00,0.00
b358382a-ac37-4325-9a56-69303df5a49a,+66946129305,วีริสา หอมสุคนธ์,693fcf7e0b078062ccb8dbb8,{later_newcrm},2026-05-08 09:11:18.063+00,2026-05-08,0,0.00,0.00,0.00,0.00
b51fcecd-7c91-449e-8311-e4bd7bccc84f,+66848996943,พลอย ลาหล่อ,6566e46a285bf1f861dd6783,{later_newcrm},2026-06-10 14:27:37.247+00,2026-06-10,0.00,945.00,0,0.00,0.00
b620bf52-7592-4739-8162-8bc1d596ab6a,+66883828068,สายพิณ อ่วมอุ่ม,66cd8ba1c5439014f05fc9a7,{later_newcrm},2026-06-27 10:48:42.377+00,2026-06-27,387.00,0.00,0.00,0.00,0.00
b75ac7da-ed6d-44fc-accc-6dd4650ccecd,+66655632972,กันตพร แสงลำปำ,65535394375eb91adacf81cd,{later_newcrm},2026-06-12 11:32:53.745+00,2026-06-12,0.00,1538.00,0,0.00,0.00
b7c96931-d039-485b-bd66-f24602f688fe,+66963154102,สมสงวน ธรรมลี,69ad6bda40ec675b19011b75,{later_newcrm},2026-06-11 13:21:14.028+00,2026-06-11,0,0.00,0.00,0.00,0.00
b90045ad-652d-4595-a75f-34e3f7830f1d,+66941925328,สมพิศ  ตะนะวงค์,6923d2710dfaec1903bdc8d1,{later_newcrm},2026-06-04 04:23:46.522+00,2026-06-04,0,0.00,0.00,0.00,0.00
b941ce2b-978a-481b-9926-d155f5606896,+66956293319,🐊✨Por ✨🐊,65547dae0b5cd6c7b1a56d44,"{later_newcrm,mongo_sync_gap}",2026-06-24 06:46:29.281+00,2026-06-24,2166.00,1565.00,0,0.00,0.00
b9e834c7-d060-4ae1-8609-b4abcdf3563c,+66926654693,วิภารัตน์ ทิมเที่ยง,67d156965cc4f811778f0732,"{later_newcrm,mongo_sync_gap}",2026-06-10 02:38:43.163+00,2026-06-10,0.00,10061.00,0,0.00,0.00
ba12e00b-c607-4457-91e3-436c5f1d75cc,+66656305957,สุวิทย์ แซ่ซี่,663c4fca21bbddc482f774d8,"{later_newcrm,mongo_sync_gap}",2026-05-10 04:44:47.238+00,2026-05-10,946.00,20.00,0.00,0.00,0.00
ba4bc4ff-594c-4049-8631-9dafd7a39c15,+66633751948,กาญจนา ดวงแก้ว,67c95c5653a9b86e916120b0,{later_newcrm},2026-06-19 12:19:57.961+00,2026-06-19,0.00,0.00,0.00,0.00,0.00
baf17a58-aa80-404f-a251-a0683ca2593f,+66832278460,กิตติศักดิ์ ปูพบุญ,66c1b44dc4c9775d7e0050ae,{later_newcrm},2026-04-22 11:37:38.228+00,2026-04-22,0.00,2403.00,0,0.00,0.00
bef3deb4-83d8-41c3-bc32-491c797e9cd0,+66813534817,ธำรงศักดิ์​,66053fa50f109252f7d45661,{later_newcrm},2024-03-28 10:02:50.909+00,2024-03-28,0,0.00,0.00,0.00,0.00
befb8727-bcc3-4044-adcc-363aaab3910f,+66659591789,พรชนัน วชิโรดม,65cc7d797ff1cec9ff335b2d,{later_newcrm},2026-07-08 08:36:27.776+00,2026-07-08,35484.00,17802.00,0,0.00,0.00
bf781b48-2f1c-455e-b452-04fa9b926936,+66817876288,ตาเอก,655420736178c8b865812cdd,{later_newcrm},2026-06-20 05:00:48.319+00,2026-06-20,962.00,0.00,0.00,0.00,0.00
bfbe8129-11a1-4bf7-8998-e518a8519f32,+66645845738,อนุชิต โคตะวินนท์,65413f80d6b1732a1ec61d35,{later_newcrm},2025-10-18 03:49:25.516+00,2025-10-18,0.00,2364.00,0,0.00,0.00
c0483745-a920-4af3-a5a9-f59defec06dc,+66618468838,พงศธร อ่ำเหม,65413f8ad6b1732a1ec625e5,"{later_newcrm,mongo_sync_gap}",2026-07-05 05:52:37.679+00,2026-07-05,0.00,9514.00,0,0.00,0.00
c1a968d9-9e65-4954-8eba-3a3c6676cb56,+66811108848,ภัทร์ อินทร์ทองปาน,6a378cf4f1e355781534144d,{mongo_sync_gap},2026-06-21 07:41:54.351+00,2026-06-21,0,1200.00,0,0.00,0.00
c3abc54d-cc7d-4168-a6f0-10bb58a5afef,+66988067548,กรวรรณ บุญฤทธิ์,68e5eb1f19e0a2183ea955d1,{later_newcrm},2026-01-15 11:36:03.109+00,2026-01-15,0,0.00,0.00,0.00,0.00
c4322c80-096c-4205-adf8-edf874c66132,+66875659754,พรวิภา ยานะจิต,67a581dfd41bf7c429d14296,"{later_newcrm,mongo_sync_gap}",2026-07-08 15:20:46.975+00,2026-07-08,1790.00,1235.00,0,0.00,0.00
c4feae86-4f59-494f-ae02-86f013da1d30,+66907276604,สุทัศน์ ลิ้มภักดี,655db088203581400725d75d,{later_newcrm},2026-06-14 03:44:06.708+00,2026-06-14,1946.00,0.00,0.00,0.00,0.00
c62bc891-89cc-403e-9511-ca650aea2d73,+66910327812,กุลธิดา เหมณี,675e85298461ee2d5f98b59a,{later_newcrm},2024-12-15 07:30:03.117+00,2024-12-15,0,0.00,0.00,0.00,0.00
c6c876ab-c156-478e-bb88-80d07fe5ab70,+66955156320,นครินทร์ แสงสุวรรณ,65413f4bd6b1732a1ec5f0f9,{later_newcrm},2026-06-05 11:09:27.598+00,2026-06-05,0.00,1195.00,0,0.00,0.00
c7a82eff-6429-4536-ad19-13147dc94edd,+66621545448,อภินันท์ เทพโยธา,6622396945ea943b85999bda,{later_newcrm},2026-05-27 02:20:59.757+00,2026-05-27,1382.00,1843.00,0.00,0.00,0.00
c7b46125-f260-4a30-8969-22ecda8d7d5d,+66935466200,ขนิษฐา สามารถ,684ebd4b16579e16a4d4b59f,{later_newcrm},2026-06-21 07:00:45.371+00,2026-06-21,0.00,25000.00,0,0.00,0.00
c7d759a2-2a77-4ff5-a4a6-053780bab703,+66864710113,จันทร์เพ็ญ ลายทิพย์,66039d0d382835ab900ebbb6,{later_newcrm},2026-06-12 07:30:45.543+00,2026-06-12,106.00,0.00,0.00,0.00,0.00
c7fe2e01-4508-44b0-80bf-c1d365bf1ba1,,,68db5ef147bc23f193e35bdc,{later_newcrm},2025-09-30 04:39:38.638+00,2025-09-30,0,0.00,0.00,0.00,0.00
c9aa17b9-93f9-4b2d-b1ba-7c2ab4472fea,+66629527328,ธวัชชัย เสนารักษ์,6a02b2752faef7b527f1760d,{later_newcrm},2026-07-05 06:29:47.837+00,2026-07-05,0,0.00,0.00,0.00,0.00
c9aae81d-a196-4d37-9f4d-6ebfd03b7ac7,+66623835732,จักรินทร์ กรรมารางกูร,654cb43fea5a568f7cd843ca,{later_newcrm},2026-06-13 12:14:38.912+00,2026-06-13,0.00,7001.00,0,0.00,0.00
ca6f4fab-5307-45f2-b814-b9afe239b66d,+66988852546,รุ่งโนจน์ สิงห์รัว,66b083e60da067c3f9ab3ea1,{later_newcrm},2026-02-06 02:48:20.859+00,2026-02-06,0.00,0.00,0.00,0.00,0.00
cb572d83-1628-44db-99fa-9c95efb8e04d,+66961627037,ฮาฟิซ มณีหิยา,69003dc44025c1e0262f2bf5,{later_newcrm},2026-06-21 10:46:03.417+00,2026-06-21,0,0.00,0.00,0.00,0.00
cfe595b3-73b6-458f-a47b-5ce93b2299e5,+66617949146,Nanthanut  Promjiv,675e59509c26bfcb38f39819,{later_newcrm},2024-12-15 04:23:00.833+00,2024-12-15,0,0.00,0.00,0.00,0.00
d049bc08-2d58-48b8-853a-145fcf67190e,+66857160764,วิชูวิต เขื่อนสอน,684942a203a6709b06397333,{later_newcrm},2025-12-16 08:11:48.963+00,2025-12-16,0,0.00,0.00,0.00,0.00
d093dcaf-0507-4d3f-a899-4ab57adf5444,+66929786066,จิตรโสภา ดีชัยรัมย์,65413f89d6b1732a1ec6255d,{mongo_sync_gap},2026-06-14 03:26:32.362+00,2026-06-14,0.00,6749.00,0,0.00,0.00
d203819e-b7a3-4647-a9d8-3b94c1520482,+66897226868,แพรวพรรณ พงษ์ศิริจันทร์,676a4439d7ef8dfad75215dc,{later_newcrm},2024-12-24 05:20:34.605+00,2024-12-24,0,0.00,0.00,0.00,0.00
d2194af3-1470-4bdb-b820-391328480fed,+66800077588,CHIAHUI Lin,6857b6ee122305f3811ea94b,{later_newcrm},2026-05-16 03:29:15.905+00,2026-05-16,0,4530.00,0,0.00,0.00
d3003c10-20b6-4c71-8804-21b676df8660,+66993755183,นิตติญา สิงห์น้ำเที่ยง,659d3d2f973d8af50f65b811,{later_newcrm},2026-04-28 09:32:00.89+00,2026-04-28,0.00,2475.00,0,0.00,0.00
d4485cc3-aad0-4247-a246-08ffdd6eed72,+66937760762,นิวะดา คำจินดา,68f9868f02f9243b61f93a01,{later_newcrm},2025-10-23 01:37:16.814+00,2025-10-23,0,0.00,0.00,0.00,0.00
d5205b9e-30e4-40be-affd-83ebaa9524ff,+66654693717,มยุรี ดวงศรี,66b1f56e8f7a8128f6aec734,{later_newcrm},2026-06-20 04:33:04.701+00,2026-06-20,0.00,4.00,0,0.00,0.00
d945a0eb-5a47-434b-882e-0f9b8f0fe3f0,+66991542405,จุฑาลักษณ์ นิยม,6a151548654c118a1ed3b445,"{later_newcrm,mongo_sync_gap}",2026-06-27 14:13:42.192+00,2026-06-27,0,975.00,0,0.00,0.00
da6b9396-6c7b-4176-bb9f-b8497aa2f032,+66863424054,กฤษณัน หมีอินทร์,66974caf150302030485e66b,{later_newcrm},2026-06-24 08:14:27.534+00,2026-06-24,1191.00,0.00,0.00,0.00,0.00
daba8895-2493-4122-b0aa-29064d4734a4,+66936396741,ศักดิ์ดา พรหมทองสกุล,66cee1921bde6b35243024aa,{later_newcrm},2026-06-01 02:05:33.889+00,2026-06-01,10.00,0.00,0.00,0.00,0.00
db144e4a-44e7-4cde-9f5c-afd6a9c88f14,+66619099829,อัมพิกา ตั้งตระกูลชัยยะ,694624cc74e41355e985edb6,{later_newcrm},2026-03-15 07:27:28.885+00,2026-03-15,0,0.00,0.00,0.00,0.00
db2c5792-6b9b-482a-9fcb-2c6ab5c68f49,+66956635165,อทิตยา กองอำนวยสุข,65c359626012ddcfdd24761f,{later_newcrm},2024-02-07 10:22:31.991+00,2024-02-07,0,0.00,0.00,0.00,0.00
db49c2e5-5823-46fa-9df9-d4d6de46c885,+66857245660,ไพลิน คิดธิวงศ์,65efb42e25913650313b6a92,{later_newcrm},2026-07-08 10:31:40.318+00,2026-07-08,0.00,13900.00,0,0.00,0.00
dbd7f6d4-a870-4611-ac2d-1245785dc172,+66821568518,ชัชชัย เสริฐขุนทด,657b9898219a3abf92a5f7aa,{later_newcrm},2026-06-04 05:10:51.322+00,2026-06-04,0.00,1226.00,0,0.00,0.00
de8757fe-0ddd-49fe-9deb-c30e4a594514,+66932345767,ฐิตาภรณ์ แก้วถาวร,6600ec5609abac9480744530,{later_newcrm},2025-12-27 09:51:29.436+00,2025-12-27,0.00,0.00,0.00,0.00,0.00
de95e51a-c56a-4931-b287-178e0cee1977,+66813973761,สุธี ไชยพจน์,65cdaf227ff1cec9ff78adf8,{later_newcrm},2024-02-15 06:31:28.991+00,2024-02-15,0,0.00,0.00,0.00,0.00
df4a8ae6-c9ca-4a3f-899f-2df391b94325,+66652194400,พลอยมณีวรรณ สังรสดี,6565b3e05cd12656e0a0c773,{later_newcrm},2026-06-26 10:18:59.996+00,2026-06-26,879.00,1413.00,0,0.00,0.00
e01e671c-ee20-4b50-aa72-b6118d1ceb78,+66895601787,ธัญวรัตม์ แก้วสามสี,65d851dff594d02b1132ee0c,{later_newcrm},2026-06-17 06:39:27.952+00,2026-06-17,0.00,0.00,0.00,0.00,0.00
e2535fbf-bbec-493c-8729-5afe4ea13241,+66947637938,บันทึก ยืนยงพนาดร,65413f74d6b1732a1ec613cd,{later_newcrm},2026-06-27 04:43:17.197+00,2026-06-27,0.00,20063.00,0,0.00,0.00
e2c4cc05-8fe6-443a-a5ce-19fbad234784,+66951691902,ป​วีณา​ เพชรบุญมี,66aca5d955c8fd242a843a1e,{later_newcrm},2026-06-26 10:18:59.898+00,2026-06-26,0.00,15263.00,0,0.00,0.00
e3748075-bff6-4b8e-a618-de551c122690,+66984461269,ปราโมทย์ อุดจอม,65e14875808734dee4f1c8d5,{later_newcrm},2026-03-07 08:46:53.497+00,2026-03-07,0.00,0.00,0.00,0.00,0.00
e454f7a2-1a81-4fbe-ba96-c0cca5ba6aeb,+66939354515,ติณกร ภูวดิน,656c65f5800ee8dfda16408f,{later_newcrm},2024-11-07 11:51:00.855+00,2024-11-07,0,0.00,0.00,0.00,0.00
e543dabe-0d1d-4476-8b31-79826bd7f3c7,+66969464514,จิระพงศ์ ตั้งพร้อมพันธ์,65cb19617ff1cec9fff21c34,{later_newcrm},2024-02-13 07:27:04.344+00,2024-02-13,0,0.00,0.00,0.00,0.00
e5961962-0b82-404b-8aee-e7e793d4ec3a,+66830614617,อดิศักดิ์ ตอนรัมย์,66aa305cddfe1420692eff91,{later_newcrm},2026-07-08 04:36:31.988+00,2026-07-08,0.00,137.00,0,0.00,0.00
e64c0ba9-e889-4f1f-a241-2f7810738d6a,+66653265162,ภคพล เลาพงษ์สิต,65c1d5859387334d1477e939,{later_newcrm},2024-02-06 06:47:43.402+00,2024-02-06,0,0.00,0.00,0.00,0.00
e667c9d3-1dbe-4173-b075-42fca35106eb,+66894407868,สุภกิจน์ ชินะกาญจนดิษฐ์,66cfe07ec806008d7e3348d1,{mongo_sync_gap},2026-06-28 04:06:54.3+00,2026-06-28,1375.00,2112.00,0,0.00,0.00
e7e7a1fe-39e7-4159-bc48-8c6d2e560939,+66812719161,กนกอร ชิตชลธาร,68ae98bb0e2cdf4da604b758,{later_newcrm},2026-06-02 07:21:07.64+00,2026-06-02,0,0.00,0.00,0.00,0.00
e87bd265-6b8c-4909-9f39-2c24b1b45184,+66628378242,กาญจนา  เฉียงดี,656840bab188295efccc6591,{later_newcrm},2026-07-08 12:42:42.777+00,2026-07-08,0.00,17945.00,0,0.00,0.00
ea8dbec1-81d7-4ad4-bc3b-ce8f0b04b173,+66932860301,ภาณุพงษ์ จินะ,67dce6fc67260e1b013f5f17,{later_newcrm},2026-06-24 08:14:02.505+00,2026-06-24,0.00,0.00,0.00,0.00,0.00
eac6f8e7-1c1d-4b0d-b460-1842b99b1722,+66644147087,ณัฐน้อยร้อยลีลา420jj,65413f68d6b1732a1ec609a1,"{later_newcrm,mongo_sync_gap}",2026-07-05 05:52:37.814+00,2026-07-05,1856.00,776.00,0,0.00,0.00
eb482b83-53ea-4edf-a0de-e90211248c45,+66948934516,ณัฐวรรณ จันทร์ผา,699008d77cb3551301d1b743,{later_newcrm},2026-02-14 05:39:24.665+00,2026-02-14,0,0.00,0.00,0.00,0.00
edbe2d6c-9058-429f-8091-dab02e9be9de,+66957969965,รุ่งโรจน์ บุญมา,65cdd6bd7ff1cec9ff850f1f,{later_newcrm},2026-02-15 09:11:23.863+00,2026-02-15,8173.00,0.00,0.00,0.00,0.00
edd8a4a5-6932-48b7-9571-bf7b36570da3,+66847435761,สุริเยศ ตรีภพ,664303afb257f59321e3a8d4,{later_newcrm},2024-05-14 06:26:42.117+00,2024-05-14,0,0.00,0.00,0.00,0.00
eeb69079-b980-417d-9e14-2d61ed18376a,+66935168584,ดวงเดือน วาหมงคล,68b26838283e60e9f2df7040,{later_newcrm},2026-04-19 03:15:15.132+00,2026-04-19,0,0.00,0.00,0.00,0.00
f008ef99-2729-419d-86d5-00abc456086c,+66929498547,ปียวรรณ แสนทม,6553367c1787324e63d2332a,{later_newcrm},2026-06-18 09:05:57.546+00,2026-06-18,2412.00,0.00,0.00,0.00,0.00
f18ff247-55e0-443f-b599-012697c61a18,+66658357364,สมชาย ศิขินารัมย์,6572f7858bab2a079dd51806,{later_newcrm},2026-07-05 09:00:58.858+00,2026-07-05,0.00,0.00,0.00,0.00,0.00
f1da6901-1375-4080-bdc7-fe1ec68be731,+66967308794,อทิตยา บรูณะศรี,6566cb03285bf1f861ccb01a,{later_newcrm},2026-06-16 10:21:41.666+00,2026-06-16,805.00,0.00,0.00,0.00,0.00
f208c32e-038c-4ecc-a0ab-2cc607caca74,+66927735819,ศิริพร แก้วจีน,6a1102e34853889dc59f0eb2,{later_newcrm},2026-06-16 04:29:41.896+00,2026-06-16,0,0.00,0.00,0.00,0.00
f3795723-ec2b-4120-a503-769f596916ca,+66993594822,ศุภนิดา แก้วรัศมี,66b4603f082dfb920d0acd2e,{later_newcrm},2026-06-20 12:29:20.778+00,2026-06-20,0.00,25006.00,0,0.00,0.00
f4bb9699-aeee-43ec-9023-25193f808ca6,+66867183465,วราภรณ์ คงศรี,6a322e5d360cb998f1bd97c5,{later_newcrm},2026-06-26 11:32:32.401+00,2026-06-26,0,0.00,0.00,0.00,0.00
f53b8db3-e2d7-4e14-b310-3a0e7c40205b,+66960126243,กรรณิการ์ อินฟู,65413f58d6b1732a1ec5fc19,{later_newcrm},2026-07-08 10:27:25.385+00,2026-07-08,0.00,6115.00,0,0.00,0.00
f5450f83-1890-4043-b91a-51699b2dc82d,+66821675813,ศศิภา พันธ์วงค์,6565d0465cd12656e0abe896,{later_newcrm},2026-06-26 10:27:22.44+00,2026-06-26,0.00,300.00,0,0.00,0.00
f5dd0fbd-c543-477b-ac19-e5f97a4eb499,+66987638527,พัชราภรณ์ นิ่มแก้ว,66dac4bb32908a3f3f9f12fb,{later_newcrm},2024-09-06 09:02:44.654+00,2024-09-06,0,0.00,0.00,0.00,0.00
f667b93c-9ebc-4328-92d4-444e45eaa14d,+66950589338,นันทิยา จันทโคตร,68e50cf163dd06f65fb6b9c6,{later_newcrm},2026-06-18 11:03:10.719+00,2026-06-18,0,0.00,0.00,0.00,0.00
f669eedb-5267-4f37-9608-42f39ccf9eef,+66837037997,ant ant anttt,655586c438a9666a9c362c3f,{later_newcrm},2026-05-29 11:07:02.334+00,2026-05-29,5672.00,0.00,0.00,0.00,0.00
f794fb23-60f9-4107-be53-04067bd51f6f,+66818850519,สิทธระ สุนทรพันธ์,65be2eb89387334d140a5546,{later_newcrm},2026-06-12 07:49:29.054+00,2026-06-12,3544.00,0.00,0.00,0.00,0.00
f8d41d3c-92f7-4d2c-bd11-761babbb07b9,+66952981163,ธวัชชัย แย้มชื่น,656bc4ab800ee8dfda03ed8e,{later_newcrm},2026-06-16 06:27:35.729+00,2026-06-16,4010.00,0.00,0.00,0.00,0.00
f9973aa5-4ebf-4faa-aee6-a4f8a4111a5e,+66855179297,วิริยฉัตร ยะวงษา,65b3175412e71882a760e80c,{later_newcrm},2026-06-28 09:16:14.713+00,2026-06-28,710.00,0.00,0.00,0.00,0.00
f998e61f-6981-4d15-ab5f-1d2572627495,+66637160614,จาตุรงค์ คนธี,68396b365b6ac3c63eaae05e,{later_newcrm},2026-06-20 06:42:32.587+00,2026-06-20,0.00,0.00,0.00,0.00,0.00
fb282052-f769-49b2-a0f8-0697bebb14e9,+66627165722,กานติมา เลืศล้ำ,69d8b96e141e0efff212f3a3,{mongo_sync_gap},2026-05-07 08:48:34.323+00,2026-05-07,0,1908.00,0,0.00,0.00
fb93a5fc-e0a9-4882-b743-ea5a94cc2a70,+66995602521,วุฒิพงษ์ ประเวทจิตต์,68bfee83796d2f27e48e83ae,{later_newcrm},2025-12-02 08:33:21.509+00,2025-12-02,0,0.00,0.00,0.00,0.00
fc18f25e-eb61-4b9e-957d-1f74af4be191,+66821723524,ฉัตรชัย พิชัยวานิชสิน,66a719f56376f16e91adc8bc,"{later_newcrm,mongo_sync_gap}",2026-06-25 04:28:09.164+00,2026-06-25,0.00,5085.00,0,0.00,0.00
fd36a94d-edff-450f-856c-f3e474abfd88,+66935960375,ชาตรี จันทร์หอม,69049b80300aa138ec00275d,{later_newcrm},2025-11-01 06:16:37.693+00,2025-11-01,0,0.00,0.00,0.00,0.00
fdd5b2a3-10ff-48f8-ba12-ea38e3846d0c,+66840460746,คำณวน ไชยานุพงศ?,66e3b213c3678f0895f04e7b,"{later_newcrm,mongo_sync_gap}",2026-06-12 04:32:00.194+00,2026-06-12,313.00,7187.00,0,0.00,0.00
fe68d124-7015-4511-a52e-657c0ec9510f,+66830188387,Nongbow eieii 🌸,65413f50d6b1732a1ec5f591,{later_newcrm},2026-07-08 04:44:14.807+00,2026-07-08,2074.00,2380.00,0,0.00,0.00
ff511b13-f049-40fd-925f-0ef12ee595cb,+66953747795,หรรษา ปรีชาวีรกุล,67510f45a33a4dc033969a91,"{later_newcrm,mongo_sync_gap}",2026-06-03 05:34:21.43+00,2026-06-03,0.00,0.00,0.00,0.00,0.00
ffc54264-9348-4f35-83ed-67f01c083ee3,+66818523630,รักชนก หร่ายสกุล,65f109d61858a296f5957529,{later_newcrm},2026-06-27 02:06:24.973+00,2026-06-27,0.00,761.00,0,0.00,0.00
ffd0944e-6a83-4e55-9d06-672cfc2b9b61,+66622209328,กนกวรรณ สังฆคุณ,68b7c97204ecc03feb97b22a,{later_newcrm},2025-09-03 04:53:33.89+00,2025-09-03,0,0.00,0.00,0.00,0.00
ffd3bd8b-367f-4047-8da5-2495041becab,+66852244480,นรินทร์ ทองศูรย?,6948d8f3f2e622bb5019c30e,{later_newcrm},2026-06-05 02:36:42.51+00,2026-06-05,0,0.00,0.00,0.00,0.00
ffeb8273-4f81-471d-8a9e-59a73452d1dc,+66971323089,อนงค์ ด้วยวงค์,694f79f13fd1893995d2fce6,{later_newcrm},2025-12-27 11:00:33.839+00,2025-12-27,0,0.00,0.00,0.00,0.00
