mongo_id,user_id,wallet,lots,delta,stg_point_balance,ledger_net,wallet_minus_ledger_net,native_earn,native_burn,expiry_burn,native_rows,target_wallet_stg,closed_mongo_ded_pts,closed_mongo_ded_rows,crm_over_stg_open,stg_open_under_crm,stg_open_lots_sum,native_lots,primary_pattern,fix_class
6805c2ca234f173997c1367c,76fa88d8-bc11-442b-a82e-568f00ae858e,78132,82659.00,-4527.00,10674,78132,0,117958,50500,0,96,78132,0,0,0.00,104075.00,108602,78132.00,NATIVE_BURN_MISSING_FIFO,UPDATE earn deductible_balance from live Mongo GIVEN.balance per mongo_id
67026fc7ecd4c2068ffcbe57,0277d347-51c5-4ee7-b445-975cb01a799d,19798,23825.00,-4027.00,3057,19798,0,28741,12000,0,59,19798,0,0,0.00,9530.00,13557,19798.00,NATIVE_BURN_MISSING_FIFO,UPDATE earn deductible_balance from live Mongo GIVEN.balance per mongo_id
66fd4bbfaff5db31b4185117,5a7f8d5c-7152-41a0-b9de-13823334931b,38458,41566.00,-3108.00,24164,38458,0,14294,0,0,22,38458,0,0,13654.00,25745.00,39363,14294.00,MIGRATED_LOTS_OVER_STG_OPEN,UPDATE earn deductible_balance from live Mongo GIVEN.balance per mongo_id
65cb5a027ff1cec9ff05ab00,6529876b-b923-428c-830e-369c19b596a4,40442,43532.00,-3090.00,38431,43532,-3090,17011,15000,0,19,40442,0,0,0.00,15000.00,41521,17011.00,WALLET_UNDER_LEDGER,UPDATE user_wallet to ledger_net
65e288ce2460cb673aa8532b,d4a7bba0-10b5-4c44-a85d-4a0a301f31cc,8299,5232.00,3067.00,8064,11797,-3498,564,0,329,5,8299,0,0,0.00,6894.00,11562,564.00,MIGRATED_LOTS_UNDER_STG_OPEN,UPDATE earn deductible_balance from live Mongo GIVEN.balance per mongo_id
668cfd9c52d5e255f01ac520,6dbd4113-887a-4205-a3f8-2b0c31afa666,6846,3793.00,3053.00,7938,6846,0,653,0,1745,1,6846,0,0,0.00,4798.00,7938,653.00,MIGRATED_LOTS_UNDER_STG_OPEN,UPDATE earn deductible_balance from live Mongo GIVEN.balance per mongo_id
671f32f259c9218cf9166937,23637399-4191-4f50-8ee4-a00a37d4badd,3458,570.00,2888.00,3392,3458,0,66,0,0,1,3458,0,0,0.00,2888.00,3392,66.00,MIGRATED_LOTS_UNDER_STG_OPEN,UPDATE earn deductible_balance from live Mongo GIVEN.balance per mongo_id
69e5ea9143c778fca7e327a5,87448ba1-631a-4237-886e-7a3f48cdbbdd,7697,10582.00,-2885.00,7725,7697,0,972,1000,0,5,7697,0,0,825.00,5940.00,14725,972.00,NATIVE_BURN_MISSING_FIFO,UPDATE earn deductible_balance from live Mongo GIVEN.balance per mongo_id
6691fe1b40a462c93790e9eb,9b5110f9-c175-4ade-817e-28f19d217b1a,8994,6237.00,2757.00,4775,10258,-1264,6237,0,2018,6,8994,0,0,0,6039.00,6039,6237.00,MIGRATED_LOTS_UNDER_STG_OPEN,UPDATE earn deductible_balance from live Mongo GIVEN.balance per mongo_id
669c9b25da59ebf0fbd0048b,3ad89e23-176b-45f2-a538-7c3ebfb0f122,2954,5632.00,-2678.00,14541,4229,-1275,23313,34900,0,23,2954,0,0,0.00,12857.00,15816,2673.00,WALLET_UNDER_LEDGER,UPDATE user_wallet to ledger_net
65413f58d6b1732a1ec5fbf9,4a9af9e7-5e90-4a6a-852c-499129660405,7255,4761.00,2494.00,2494,7752,-497,4761,0,0,18,7255,0,0,0,2991.00,2991,4761.00,MIGRATED_LOTS_UNDER_STG_OPEN,UPDATE earn deductible_balance from live Mongo GIVEN.balance per mongo_id
65413f8ad6b1732a1ec625e5,c0483745-a920-4af3-a5a9-f59defec06dc,3089,5575.00,-2486.00,4840,-21911,25000,15249,17000,0,49,3089,0,0,0.00,14354.00,16840,3089.00,WALLET_UNDER_LEDGER,UPDATE user_wallet to ledger_net
66c2e14d7366c9ef91127a82,c3a36840-ae4f-4995-9c2f-522410a8636f,4725,2605.00,2120.00,2120,4725,0,2605,0,0,3,4725,0,0,0,2120.00,2120,2605.00,MIGRATED_LOTS_UNDER_STG_OPEN,UPDATE earn deductible_balance from live Mongo GIVEN.balance per mongo_id
65413f29d6b1732a1ec5d591,3c2527ee-11dd-4a52-b5df-1f6f06e7ecec,9047,6931.00,2116.00,7945,10759,-1712,1102,0,0,5,9047,0,0,0.00,3828.00,9657,1102.00,MIGRATED_LOTS_UNDER_STG_OPEN,UPDATE earn deductible_balance from live Mongo GIVEN.balance per mongo_id
6566b316285bf1f861c02126,31705816-258b-4edc-b26b-e4e645cc80df,44409,46331.00,-1922.00,28620,44409,0,33789,18000,0,110,44409,0,0,0.00,47326.00,59868,33789.00,NATIVE_BURN_MISSING_FIFO,UPDATE earn deductible_balance from live Mongo GIVEN.balance per mongo_id
66a719f56376f16e91adc8bc,fc18f25e-eb61-4b9e-957d-1f74af4be191,5436,7351.00,-1915.00,3190,5436,0,10246,8000,0,25,5436,0,0,0.00,8275.00,10190,5436.00,NATIVE_BURN_MISSING_FIFO,UPDATE earn deductible_balance from live Mongo GIVEN.balance per mongo_id
679b5621738c06b72462eb29,39e0724c-b6b9-4822-88fb-688156626a1e,2120,3791.00,-1671.00,2449,2120,0,10671,11000,0,41,2120,0,0,0.00,23904.00,25575,2120.00,NATIVE_BURN_MISSING_FIFO,UPDATE earn deductible_balance from live Mongo GIVEN.balance per mongo_id
65413f54d6b1732a1ec5f909,169434fe-4c0c-46b4-9c9b-15dac2e90009,41988,43624.00,-1636.00,44773,50608,-8620,6956,9000,3670,19,39059,0,0,0.00,19654.00,56322,6956.00,WALLET_UNDER_LEDGER,UPDATE user_wallet to ledger_net
654b14d13be528ce10f2fa31,871d5b20-c8de-4fb4-8065-565dc8522f6e,3964,5569.00,-1605.00,10135,8808,-4844,351,4000,2522,3,3964,0,0,108.00,9869.00,14979,351.00,WALLET_UNDER_LEDGER,UPDATE user_wallet to ledger_net
6899fb7578eaa295468ddc49,0c03aeb9-727e-451d-80cb-f6eb767af872,3514,1912.00,1602.00,8116,3514,0,0,3000,1602,1,3514,0,0,0.00,6204.00,8116,0,MIGRATED_LOTS_UNDER_STG_OPEN,UPDATE earn deductible_balance from live Mongo GIVEN.balance per mongo_id
671660f9a61d7e6999c72b2a,2bec1b40-59f3-437e-837c-8efbeb58b416,5299,6879.00,-1580.00,18582,5299,0,9617,22900,0,20,5299,0,0,0.00,16792.00,18582,5089.00,NATIVE_BURN_MISSING_FIFO,UPDATE earn deductible_balance from live Mongo GIVEN.balance per mongo_id
6774cdd4543dd36f206e8597,83aa76d2-dff8-422a-a556-dc8d72ce7089,1563,0.00,1563.00,2063,1563,0,0,500,0,1,1563,0,0,0,2063.00,2063,0,ZERO_LOTS_NATIVE_ACTIVITY,UPDATE earn deductible_balance from live Mongo GIVEN.balance per mongo_id
662b506678f244ead7feee7c,d5312302-f9a8-49e6-bdc0-e3b49c4c1757,5754,7255.00,-1501.00,6074,5754,0,5680,6000,0,9,5754,0,0,0.00,707.00,6074,1888.00,NATIVE_BURN_MISSING_FIFO,UPDATE earn deductible_balance from live Mongo GIVEN.balance per mongo_id
68dbfe9263e4b4136140fa46,192f7286-372e-439c-8659-5a9d0c08d89a,3324,4689.00,-1365.00,4987,3324,0,7337,9000,0,29,3324,0,0,0.00,8959.00,10324,3324.00,NATIVE_BURN_MISSING_FIFO,UPDATE earn deductible_balance from live Mongo GIVEN.balance per mongo_id
69a141e528fa02e24cb7f910,9a14fca3-a6a0-4452-a3be-2e11a20ec0e4,21,1238.00,-1217.00,1594,5021,-5000,3427,5000,0,21,21,21.00,1,0.00,12456.00,13673,0.00,WALLET_UNDER_LEDGER,UPDATE user_wallet to ledger_net
67a581dfd41bf7c429d14296,c4322c80-096c-4205-adf8-edf874c66132,23637,24670.00,-1033.00,18978,27695,-4058,7204,1500,1045,18,23637,0,0,0.00,5570.00,23036,7204.00,WALLET_UNDER_LEDGER,UPDATE user_wallet to ledger_net
65413f65d6b1732a1ec60795,0687be3a-c330-4f48-a942-5d64d702f016,3644,2625.00,1019.00,3433,5581,-1937,488,0,277,9,3644,0,0,0.00,3233.00,5370,488.00,MIGRATED_LOTS_UNDER_STG_OPEN,UPDATE earn deductible_balance from live Mongo GIVEN.balance per mongo_id
6583b8aaf8e9301fa214d75e,60d71d67-6bb0-4c55-833a-75ceabd95e79,6988,7938.00,-950.00,2044,14343,-7355,8198,3000,254,36,6988,0,0,0.00,8449.00,9399,6988.00,WALLET_UNDER_LEDGER,UPDATE user_wallet to ledger_net
657c1bc9288d451e5bfaae8a,d393a943-c476-471b-883d-8538ed5d7400,6295,5348.00,947.00,6973,13624,-7329,386,1000,64,5,6295,0,0,0.00,9340.00,14302,386.00,MIGRATED_LOTS_UNDER_STG_OPEN,UPDATE earn deductible_balance from live Mongo GIVEN.balance per mongo_id
67d156965cc4f811778f0732,b9e834c7-d060-4ae1-8609-b4abcdf3563c,37413,38352.00,-939.00,19473,40413,-3000,54758,36000,818,58,37413,0,0,0.00,29534.00,30473,37413.00,WALLET_UNDER_LEDGER,UPDATE user_wallet to ledger_net
65d012eb7ff1cec9ffdbc8b0,18ae7a19-0965-40dc-b165-2d1147b22ddc,11542,10630.00,912.00,9405,14289,-2747,2741,0,604,2,11542,0,0,0.00,4263.00,12152,2741.00,MIGRATED_LOTS_UNDER_STG_OPEN,UPDATE earn deductible_balance from live Mongo GIVEN.balance per mongo_id
6a4dd4dbe7aba5deb5edde98,6761dc57-bcf6-4d5f-a1a0-16c0610a3ac3,1194,1979.00,-785.00,1979,1979,-785,0,0,0,0,1979,0,0,0.00,0.00,1979,0,WALLET_UNDER_LEDGER,UPDATE user_wallet to ledger_net
69f580122c7cc9555b88fbef,16b6dfbd-2f08-4f25-979f-b795f5d6f1ff,12916,13667.00,-751.00,4766,12916,0,8150,0,0,24,12916,0,0,336.00,7151.00,12332,8150.00,NATIVE_ACTIVITY_LOTS_HIGH,UPDATE earn deductible_balance from live Mongo GIVEN.balance per mongo_id
6a44b8fbf1e35578153d6b0e,4b20ce30-90db-4e65-a911-227bb6048c56,1286,1992.00,-706.00,1992,1286,0,1784,2490,0,5,1286,0,0,0.00,0.00,1992,0.00,NATIVE_BURN_MISSING_FIFO,UPDATE earn deductible FIFO to match existing burn rows
655426826178c8b865836a89,80e712c9-ef6e-4d0e-a2c5-ceed05184d8b,3828,3158.00,670.00,3200,6909,-3081,998,0,370,28,3828,0,0,0.00,4121.00,6281,998.00,MIGRATED_LOTS_UNDER_STG_OPEN,UPDATE earn deductible_balance from live Mongo GIVEN.balance per mongo_id
69990eb58fed8f405589ea22,a2e96866-6710-4fbd-b707-2488d5989082,1466,2123.00,-657.00,3890,1466,0,2576,5000,0,22,1466,0,0,0.00,8233.00,8890,1466.00,NATIVE_BURN_MISSING_FIFO,UPDATE earn deductible_balance from live Mongo GIVEN.balance per mongo_id
67dcfddf78a2fd161ddcde00,3e091fa2-39fd-4b08-b3f1-7a23325d3fe3,1571,924.00,647.00,1539,1571,0,339,0,307,2,1571,0,0,0.00,954.00,1539,339.00,MIGRATED_LOTS_UNDER_STG_OPEN,UPDATE earn deductible_balance from live Mongo GIVEN.balance per mongo_id
66bee1cd1a75105cebc22890,43517420-8b03-4b1b-a30a-5e39513f8fe7,16067,16691.00,-624.00,13866,22821,-6754,4806,0,2605,8,16067,0,0,0.00,9735.00,21620,4806.00,WALLET_UNDER_LEDGER,UPDATE user_wallet to ledger_net
670b6c2cd2a0ec55f4141dd6,8f2f4682-739b-460a-b8a7-358f9dde4ce1,5376,4755.00,621.00,621,5376,0,4755,0,0,1,5376,0,0,0,621.00,621,4755.00,MIGRATED_LOTS_UNDER_STG_OPEN,UPDATE earn deductible_balance from live Mongo GIVEN.balance per mongo_id
657ff668288d451e5b231ec7,680b8024-e029-4ea4-8f2a-98ad3a284d14,4327,3777.00,550.00,3673,10101,-5774,1065,0,411,5,4327,0,0,0.00,6735.00,9447,1065.00,MIGRATED_LOTS_UNDER_STG_OPEN,UPDATE earn deductible_balance from live Mongo GIVEN.balance per mongo_id
6655976829a6894914448584,e4314cd7-0eff-4763-bf35-5a2016bdef97,1764,1258.00,506.00,1032,2985,-1221,732,0,0,5,1764,0,0,0.00,1727.00,2253,732.00,MIGRATED_LOTS_UNDER_STG_OPEN,UPDATE earn deductible_balance from live Mongo GIVEN.balance per mongo_id
683ae0e6a7a1f5cb4b9b3e4d,1eb8999f-342f-4125-8270-daa7e3b1d570,500,0.00,500.00,500,0,500,0,0,0,0,500,0,0,0,0,0,0,TTL_ZERO_LOTS_MIGRATION,UPDATE earn deductibles to sum wallet (post-repair allocation)
65e810a3a09d42f469aad503,82f36c1a-6de9-4ff7-9c24-3aee6e073221,863,1360.00,-497.00,8353,863,0,1010,8500,0,8,863,0,0,0.00,15856.00,16353,863.00,NATIVE_BURN_MISSING_FIFO,UPDATE earn deductible_balance from live Mongo GIVEN.balance per mongo_id
66c81110b6ea3aa94e56e4ea,9b5ae71d-5085-40af-a26a-cd1f0d6e27d7,4900,4420.00,480.00,4630,7731,-2831,720,0,450,3,4900,0,0,0.00,3761.00,7461,720.00,MIGRATED_LOTS_UNDER_STG_OPEN,UPDATE earn deductible_balance from live Mongo GIVEN.balance per mongo_id
6554a5904673598ef1a8fc17,238eb951-801d-4cb7-945c-2f1556e464bf,803,338.00,465.00,524,1258,-455,279,0,0,3,803,0,0,0.00,920.00,979,279.00,MIGRATED_LOTS_UNDER_STG_OPEN,UPDATE earn deductible_balance from live Mongo GIVEN.balance per mongo_id
677f4e3d6478b7ccfc76b13a,6aacf6c5-4b10-40ea-a3e3-e9a056637a0b,635,179.00,456.00,456,635,0,179,0,0,1,635,0,0,0,456.00,456,179.00,MIGRATED_LOTS_UNDER_STG_OPEN,UPDATE earn deductible_balance from live Mongo GIVEN.balance per mongo_id
65413f68d6b1732a1ec609b1,2e91acdf-db08-4029-b85e-ae90586ae21e,113985,114435.00,-450.00,157434,114435,-450,23551,67000,0,14,113985,0,0,0.00,67000.00,157884,23551.00,WALLET_UNDER_LEDGER,UPDATE user_wallet to ledger_net
65413f86d6b1732a1ec621e5,167d1b6d-fa75-4924-9cfe-459eb8a1128d,1532,1095.00,437.00,1468,1982,-450,278,0,214,1,1532,0,0,0.00,1101.00,1918,278.00,MIGRATED_LOTS_UNDER_STG_OPEN,UPDATE earn deductible_balance from live Mongo GIVEN.balance per mongo_id
67b549f6fb42c672d834fbc5,53f473d1-d30a-413b-a43c-7e2991109f92,2756,3191.00,-435.00,2244,10346,-7590,3512,3000,0,8,2756,0,0,0.00,10399.00,10834,2756.00,WALLET_UNDER_LEDGER,UPDATE user_wallet to ledger_net
662790b4d3a4a27e432a02bf,17b5601d-c2b8-408a-b379-cb121051da29,2157,2584.00,-427.00,12014,1582,575,8143,18000,0,14,2157,0,0,0.00,9723.00,12014,293.00,WALLET_UNDER_LEDGER,UPDATE user_wallet to ledger_net
668d09de43dfd583f3c68b6c,aa7161bc-7cd6-4fec-bc36-83ebf135ad53,1478,1902.00,-424.00,12178,6154,-4676,1800,12500,0,12,1478,0,0,0.00,16430.00,16854,1478.00,WALLET_UNDER_LEDGER,UPDATE user_wallet to ledger_net
6563f123ffd7efcec974f172,14d69324-43b1-4968-ac10-6d036faa3eb6,400,0,400,,0,400,0,0,0,0,400,0,0,0,0,0,0,NO_POINTS_LEDGER,INSERT earn wallet_ledger rows so sum deductible_balance = wallet (confirm live Mongo first)
68a82a6c87848cbc6c651792,cd3491bf-e717-44a5-abdd-2c679cce0074,6586,6207.00,379.00,6330,6586,0,2474,0,2218,9,6586,0,0,0.00,2597.00,6330,2474.00,MIGRATED_LOTS_UNDER_STG_OPEN,UPDATE earn deductible_balance from live Mongo GIVEN.balance per mongo_id
66cfe07ec806008d7e3348d1,e667c9d3-1dbe-4173-b075-42fca35106eb,5441,5819.00,-378.00,5441,6816,-1375,0,0,0,0,5441,0,0,2564.00,6051.00,9306,0,WALLET_UNDER_LEDGER,UPDATE user_wallet to ledger_net
65413f68d6b1732a1ec60995,e17610f1-8f95-446c-a32f-8cf20691d9ae,2687,2316.00,371.00,383,12625,-9938,2304,0,0,1,2687,0,0,0.00,10309.00,10321,2304.00,MIGRATED_LOTS_UNDER_STG_OPEN,UPDATE earn deductible_balance from live Mongo GIVEN.balance per mongo_id
677dd6c88cb32551667d8b87,6f19b2a6-a193-4180-a39c-e00f2e0f6d21,2362,2717.00,-355.00,4644,7362,-5000,3259,5000,541,11,2362,0,0,0.00,9289.00,9644,2362.00,WALLET_UNDER_LEDGER,UPDATE user_wallet to ledger_net
65ea71c4db4b00146286eee9,69a18985-553a-40b5-bfa2-605e6959a26e,31176,30825.00,351.00,9120,31405,-229,22056,0,0,37,31176,0,0,0.00,3070.00,11839,22056.00,MIGRATED_LOTS_UNDER_STG_OPEN,UPDATE earn deductible_balance from live Mongo GIVEN.balance per mongo_id
655dc0bf53039f6a991d9b9c,09b753ab-6f76-46e6-95b6-4d9067a5490c,794,1131.00,-337.00,4738,794,0,2056,6000,0,53,794,0,0,0.00,4338.00,4738,731.00,NATIVE_BURN_MISSING_FIFO,UPDATE earn deductible_balance from live Mongo GIVEN.balance per mongo_id
66b4296299028b6d1f439f42,4f63443d-b500-447e-ac1e-0c62a15e19d0,25550,25885.00,-335.00,19143,25550,0,6407,0,0,10,25550,0,0,153.00,7408.00,26733,6407.00,NATIVE_ACTIVITY_LOTS_HIGH,UPDATE earn deductible_balance from live Mongo GIVEN.balance per mongo_id
67c55c9505e9d1d86e1ad419,b12070ac-a9be-4a4d-aac2-9a8f86f12706,499,175.00,324.00,324,499,0,175,0,0,1,499,0,0,0,324.00,324,175.00,MIGRATED_LOTS_UNDER_STG_OPEN,UPDATE earn deductible_balance from live Mongo GIVEN.balance per mongo_id
66976add542efa4fb60e9039,cf3e4ac5-31ca-491d-b599-a8f9b9ac20b2,2050,1728.00,322.00,1494,9527,-7477,556,0,0,2,2050,0,0,0.00,7799.00,8971,556.00,MIGRATED_LOTS_UNDER_STG_OPEN,UPDATE earn deductible_balance from live Mongo GIVEN.balance per mongo_id
66e3b213c3678f0895f04e7b,fdd5b2a3-10ff-48f8-ba12-ea38e3846d0c,4550,4863.00,-313.00,2629,4863,-313,1921,0,0,2,4550,0,0,117.00,7617.00,10442,1921.00,WALLET_UNDER_LEDGER,UPDATE user_wallet to ledger_net
66fe3ba60dc50ec6c8529257,41534223-f441-42ad-9ddf-ab7876e8555a,1842,1531.00,311.00,1778,2637,-795,161,0,97,5,1842,0,0,0.00,1203.00,2573,161.00,MIGRATED_LOTS_UNDER_STG_OPEN,UPDATE earn deductible_balance from live Mongo GIVEN.balance per mongo_id
654dce53110214afb09b3401,aceddd39-a50e-4604-8ed6-766e4c10c5fc,1600,1886.00,-286.00,2782,2000,-400,318,1500,0,4,1600,0,0,103.00,1717.00,3182,318.00,WALLET_UNDER_LEDGER,UPDATE user_wallet to ledger_net
683c0a2382116f7196e91782,40d697c7-d1f1-4fe4-9aac-52868df23646,13617,13896.00,-279.00,13117,13617,0,1400,0,900,6,13617,0,0,173.00,5794.00,18117,1400.00,MIGRATED_LOTS_OVER_STG_OPEN,UPDATE earn deductible_balance from live Mongo GIVEN.balance per mongo_id
66b82b009fd57c76f203deb0,d6b86c80-c6b1-4d06-8de5-0c3fa6a7f3aa,5066,4793.00,273.00,4373,7867,-2801,872,0,179,18,5066,0,0,0.00,3253.00,7174,872.00,MIGRATED_LOTS_UNDER_STG_OPEN,UPDATE earn deductible_balance from live Mongo GIVEN.balance per mongo_id
67a842bf29f632d514add01f,ab7067cd-213a-4539-a05a-634f2f7a2617,3190,2930.00,260.00,3000,3267,-77,626,0,436,23,3190,0,0,0.00,773.00,3077,626.00,MIGRATED_LOTS_UNDER_STG_OPEN,UPDATE earn deductible_balance from live Mongo GIVEN.balance per mongo_id
67f7af73010f8f84df859ca7,9cefd9f0-ab62-4426-8fc2-344ebcd55815,6981,6733.00,248.00,7462,6981,0,9733,7500,2714,8,6981,0,0,0,7462.00,7462,6733.00,MIGRATED_LOTS_UNDER_STG_OPEN,UPDATE earn deductible_balance from live Mongo GIVEN.balance per mongo_id
65413f68d6b1732a1ec609a1,eac6f8e7-1c1d-4b0d-b460-1842b99b1722,6403,6650.00,-247.00,6081,9266,-2863,1506,0,1184,44,6403,0,0,22.00,3838.00,8960,1506.00,WALLET_UNDER_LEDGER,UPDATE user_wallet to ledger_net
65413f67d6b1732a1ec608d1,c00110c8-2440-47d5-b36c-d12153debe62,839,595.00,244.00,1136,3134,-2295,118,0,415,1,839,0,0,0.00,2954.00,3431,118.00,MIGRATED_LOTS_UNDER_STG_OPEN,UPDATE earn deductible_balance from live Mongo GIVEN.balance per mongo_id
6569add96be01478736755f5,b70ace42-b432-425c-b560-29d235ac262e,988,760.00,228.00,988,1748,-760,0,0,0,0,988,0,0,0.00,988.00,1748,0,MIGRATED_LOTS_UNDER_STG_OPEN,UPDATE earn deductible_balance from live Mongo GIVEN.balance per mongo_id
674adaf9c6a1827801bb37ba,6d40f5ec-da82-4a81-b382-6f508b344708,1402,1176.00,226.00,763,1631,-229,639,0,0,2,1402,0,0,0.00,455.00,992,639.00,MIGRATED_LOTS_UNDER_STG_OPEN,UPDATE earn deductible_balance from live Mongo GIVEN.balance per mongo_id
668f8106a94421ad6a72c699,e6ff7132-45f1-4b05-858b-2e0746633a25,3583,3357.00,226.00,3111,6811,-3228,883,0,411,3,3583,0,0,0.00,3865.00,6339,883.00,MIGRATED_LOTS_UNDER_STG_OPEN,UPDATE earn deductible_balance from live Mongo GIVEN.balance per mongo_id
655f0bd2d16c226c47351b37,4506ca7e-dc61-4d4b-b0ae-a11cea60aa62,808,588.00,220.00,778,1758,-950,111,0,81,1,808,0,0,0.00,1251.00,1728,111.00,MIGRATED_LOTS_UNDER_STG_OPEN,UPDATE earn deductible_balance from live Mongo GIVEN.balance per mongo_id
656b0189a7379d24b92816f4,65e0d8e2-b7e8-476a-934e-ee0b2613f6ca,1394,1189.00,205.00,1215,2960,-1566,425,0,246,10,1394,0,0,0.00,2017.00,2781,425.00,MIGRATED_LOTS_UNDER_STG_OPEN,UPDATE earn deductible_balance from live Mongo GIVEN.balance per mongo_id
6893026c544880a06e454431,24c8f546-2cc2-481f-9d3f-625a76f5f85d,2709,2904.00,-195.00,4799,12709,-10000,54,0,2144,1,2709,0,0,0.00,14604.00,14799,2709.00,WALLET_UNDER_LEDGER,UPDATE user_wallet to ledger_net
65487e3f4dc5c2da5fdc9855,b1e302da-8d97-46de-80dd-e8956425eeac,652,473.00,179.00,635,1745,-1093,36,0,19,4,652,0,0,0.00,1291.00,1728,36.00,MIGRATED_LOTS_UNDER_STG_OPEN,UPDATE earn deductible_balance from live Mongo GIVEN.balance per mongo_id
660bbc6eb8ce99920eecda4b,000a4cba-d5e7-4c62-8a2a-c49437012e18,4701,4539.00,162.00,15293,9703,-5002,133,0,10725,1,4701,0,0,0.00,15889.00,20295,133.00,MIGRATED_LOTS_UNDER_STG_OPEN,UPDATE earn deductible_balance from live Mongo GIVEN.balance per mongo_id
683da331ffc927fc29b8510d,a75a274d-1bf2-421a-ae37-4c99ad6f2116,1807,1653.00,154.00,2402,1943,-136,200,0,795,2,1807,0,0,0.00,1085.00,2538,200.00,MIGRATED_LOTS_UNDER_STG_OPEN,UPDATE earn deductible_balance from live Mongo GIVEN.balance per mongo_id
671ca9bc91c0eac90144ba37,366d7c0b-498b-483d-9965-f8dede770702,4025,4165.00,-140.00,6213,4634,-609,839,0,3027,2,4025,0,0,0.00,3496.00,6822,839.00,WALLET_UNDER_LEDGER,UPDATE user_wallet to ledger_net
65e042bef594d02b1127f645,31ea3461-fbd5-4321-a642-ddde2c15e2e9,5920,6052.00,-132.00,5483,6335,-415,437,0,0,28,5920,0,0,0.00,415.00,6030,437.00,WALLET_UNDER_LEDGER,UPDATE user_wallet to ledger_net
65413f44d6b1732a1ec5eafd,ab0eed90-6825-4c0c-bc94-f327cbc141e0,6357,6484.00,-127.00,6555,6484,-127,1802,2000,0,56,6357,0,0,0.00,2000.00,6682,1802.00,WALLET_UNDER_LEDGER,UPDATE user_wallet to ledger_net
65532a96a5707806f44a54d4,a71e425d-82b5-47f5-8a26-013a2a346b62,698,578.00,120.00,532,4136,-3438,198,0,32,5,698,0,0,0.00,3590.00,3970,198.00,MIGRATED_LOTS_UNDER_STG_OPEN,UPDATE earn deductible_balance from live Mongo GIVEN.balance per mongo_id
662a2cdb57324743e39d2330,44bda93e-b7c2-4715-be2d-2a7f1723ace8,3211,3330.00,-119.00,6579,5771,-2560,1132,4500,0,24,3211,0,0,2.00,6943.00,9139,1132.00,WALLET_UNDER_LEDGER,UPDATE user_wallet to ledger_net
654af99f3be528ce10ea0372,0c2ecc66-52a7-4fe7-bd2b-1ef0b9f1e5c9,1880,1761.00,119.00,1824,3133,-1253,103,0,47,5,1880,0,0,0.00,1419.00,3077,103.00,MIGRATED_LOTS_UNDER_STG_OPEN,UPDATE earn deductible_balance from live Mongo GIVEN.balance per mongo_id
67dbac23b90f211f7353d9ad,dad22722-0109-46bf-94e3-84ae3668505e,461,343.00,118.00,641,553,-92,11,0,191,3,461,0,0,0.00,401.00,733,11.00,MIGRATED_LOTS_UNDER_STG_OPEN,UPDATE earn deductible_balance from live Mongo GIVEN.balance per mongo_id
6556c87483ce8659fd3f8d58,2e2b645b-4a92-4f2f-80cc-23af189d7808,301,191.00,110.00,268,800,-499,39,0,6,1,301,0,0,0.00,615.00,767,39.00,MIGRATED_LOTS_UNDER_STG_OPEN,UPDATE earn deductible_balance from live Mongo GIVEN.balance per mongo_id
65680575b188295efca43586,f596f347-c4e9-466e-955c-15cce84ecb25,685,585.00,100.00,709,3699,-3014,139,0,163,3,685,0,0,0.00,3277.00,3723,139.00,MIGRATED_LOTS_UNDER_STG_OPEN,UPDATE earn deductible_balance from live Mongo GIVEN.balance per mongo_id
656b052ea7379d24b928fa54,5c4bd772-99e3-43a7-8e74-9bd70d73d96c,1935,2032.00,-97.00,3221,5483,-3548,104,1000,390,4,1935,0,0,0.00,4841.00,6769,104.00,WALLET_UNDER_LEDGER,UPDATE user_wallet to ledger_net
67f221e748b413a962c0baa1,ce63af19-54ff-4d31-abfa-94ff390bb6df,939,1036.00,-97.00,4169,939,0,2270,5500,0,14,939,0,0,0.00,3262.00,4169,129.00,NATIVE_BURN_MISSING_FIFO,UPDATE earn deductible_balance from live Mongo GIVEN.balance per mongo_id
69d8b96e141e0efff212f3a3,fb282052-f769-49b2-a0f8-0697bebb14e9,664,756.00,-92.00,664,664,0,0,0,0,0,664,0,0,502.00,2410.00,2664,0,MIGRATED_LOTS_OVER_STG_OPEN,UPDATE earn deductible_balance from live Mongo GIVEN.balance per mongo_id
6a4ba2e4e7aba5deb5eaea47,6d4210a7-b37e-47b0-af1b-cbe8387bb12d,1771,1863.00,-92.00,113,1771,0,4658,3000,0,45,1771,0,0,0.00,0.00,113,1750.00,NATIVE_BURN_MISSING_FIFO,UPDATE earn deductible FIFO to match existing burn rows
65ab53d9f597943cdd10266f,1ffbad86-6119-47b3-b152-77f4713a0f48,1740,1832.00,-92.00,2407,3839,-2099,1949,2500,116,7,1740,0,0,0.00,4414.00,4506,1740.00,WALLET_UNDER_LEDGER,UPDATE user_wallet to ledger_net
66ee90d62e0828fb9cd311bc,a9afdd18-4840-41a0-81c1-a75ef1fb2a14,5290,5378.00,-88.00,9943,5378,-88,4464,9000,117,26,5290,0,0,0.00,9117.00,10031,4464.00,WALLET_UNDER_LEDGER,UPDATE user_wallet to ledger_net
65695159ce749ea73f049894,f58dfe80-7d93-4ff5-9f3d-2a8603527518,1582,1496.00,86.00,1584,4054,-2472,340,0,342,3,1582,0,0,0.00,2900.00,4056,340.00,MIGRATED_LOTS_UNDER_STG_OPEN,UPDATE earn deductible_balance from live Mongo GIVEN.balance per mongo_id
6555a54238a9666a9c3c4203,6f3c7f2d-c6e7-405f-aefc-bdbe9c85d4de,1035,954.00,81.00,4202,2130,-1095,954,3000,1121,3,1035,0,0,0,5297.00,5297,954.00,MIGRATED_LOTS_UNDER_STG_OPEN,UPDATE earn deductible_balance from live Mongo GIVEN.balance per mongo_id
6694e1d330baa5401765db0a,d1bca277-2aba-4bb9-9ea2-cbe7109264da,95,16.00,79.00,79,155,-60,16,0,0,1,95,0,0,0,139.00,139,16.00,MIGRATED_LOTS_UNDER_STG_OPEN,UPDATE earn deductible_balance from live Mongo GIVEN.balance per mongo_id
65545654415a5d9aa75e39dc,491b5e4f-bc49-43bb-920c-ed40018230f0,522,443.00,79.00,445,1739,-1217,77,0,0,4,522,0,0,0.00,1296.00,1662,77.00,MIGRATED_LOTS_UNDER_STG_OPEN,UPDATE earn deductible_balance from live Mongo GIVEN.balance per mongo_id
6731d7ddcdf216fb22f543ba,373221c3-c3b2-4e82-ae2f-dc471078e042,75,0.00,75.00,795,75,0,0,720,0,1,75,0,0,0,795.00,795,0,ZERO_LOTS_NATIVE_ACTIVITY,UPDATE earn deductible_balance from live Mongo GIVEN.balance per mongo_id
654885704dc5c2da5fdd2cd3,77b2a0ea-a21a-44f5-9c95-a05c61fb532e,500,568.00,-68.00,166,1257,-757,399,0,65,2,500,0,0,57.00,2811.00,2923,399.00,WALLET_UNDER_LEDGER,UPDATE user_wallet to ledger_net
654c675bbc8d51bf6ae05367,f59ba826-7f68-451d-9968-c8029f70397e,5109,5042.00,67.00,4119,5182,-73,990,0,0,25,5109,0,0,0.00,164.00,4216,990.00,MIGRATED_LOTS_UNDER_STG_OPEN,UPDATE earn deductible_balance from live Mongo GIVEN.balance per mongo_id
65f418434aaafb5d9c6567bc,a89f1104-c0f2-42e3-9735-5cb96506f5ae,8623,8556.00,67.00,2437,12810,-4187,9556,1000,2370,12,8623,0,0,0,6624.00,6624,8556.00,MIGRATED_LOTS_UNDER_STG_OPEN,UPDATE earn deductible_balance from live Mongo GIVEN.balance per mongo_id
68ddf023234c171c8f55fa45,b1519aa8-088f-47fb-9112-75a36865ce88,897,962.00,-65.00,288,897,0,609,0,0,7,897,0,0,15.00,950.00,1288,609.00,NATIVE_ACTIVITY_LOTS_HIGH,UPDATE earn deductible_balance from live Mongo GIVEN.balance per mongo_id
6566d5a7285bf1f861d3b2db,17d52d2b-9325-479b-ba6b-f604f70c38e1,629,693.00,-64.00,850,2419,-1790,10,0,231,3,629,0,0,0.00,1957.00,2640,10.00,WALLET_UNDER_LEDGER,UPDATE user_wallet to ledger_net
6806003a5f7ddb1be79a08ab,6a7bbfc6-50aa-4acb-9713-fc848f21dc14,62,0.00,62.00,562,62,0,0,500,0,1,62,0,0,0,562.00,562,0,ZERO_LOTS_NATIVE_ACTIVITY,UPDATE earn deductible_balance from live Mongo GIVEN.balance per mongo_id
67ee3ff130ef9ae2d669cb58,db18cead-6e46-4692-9b09-499841056796,255,195.00,60.00,60,255,0,195,0,0,2,255,0,0,0,60.00,60,195.00,MIGRATED_LOTS_UNDER_STG_OPEN,UPDATE earn deductible_balance from live Mongo GIVEN.balance per mongo_id
6567f73b53be67b4b161520c,225436c6-e6e4-4f31-9725-29d648797207,2769,2828.00,-59.00,3262,7107,-4338,156,0,649,4,2769,0,0,0.00,4928.00,7600,156.00,WALLET_UNDER_LEDGER,UPDATE user_wallet to ledger_net
65413f6bd6b1732a1ec60c81,ac6af112-d0ca-44b7-b03b-5b9ccf08188a,3129,3072.00,57.00,2674,6536,-3407,726,0,271,9,3129,0,0,0.00,3735.00,6081,726.00,MIGRATED_LOTS_UNDER_STG_OPEN,UPDATE earn deductible_balance from live Mongo GIVEN.balance per mongo_id
65413f5bd6b1732a1ec5fefd,d319b760-5a40-4641-b25d-a668a4c07721,2173,2123.00,50.00,2367,3260,-1087,0,0,194,0,2173,0,0,0.00,1331.00,3454,0,MIGRATED_LOTS_UNDER_STG_OPEN,UPDATE earn deductible_balance from live Mongo GIVEN.balance per mongo_id
65547dae0b5cd6c7b1a56d44,b941ce2b-978a-481b-9926-d155f5606896,4720,4770.00,-50.00,5003,8501,-3781,1332,1000,615,21,4720,0,0,322.00,5668.00,8784,1332.00,WALLET_UNDER_LEDGER,UPDATE user_wallet to ledger_net
65b1c02512e71882a727eb8c,1a0a3ce3-2873-4f06-9e1a-f0f5139fbc55,50,0,50,,0,50,0,0,0,0,50,0,0,0,0,0,0,NO_POINTS_LEDGER,INSERT earn wallet_ledger rows so sum deductible_balance = wallet (confirm live Mongo first)
65b1be9912e71882a7271072,242404b5-772c-4820-acf0-fea8df090da1,50,0,50,,0,50,0,0,0,0,50,0,0,0,0,0,0,NO_POINTS_LEDGER,INSERT earn wallet_ledger rows so sum deductible_balance = wallet (confirm live Mongo first)
65b1c2c812e71882a72a4356,3673c7b3-86ac-4648-97b5-4bb916a05747,50,0,50,,0,50,0,0,0,0,50,0,0,0,0,0,0,NO_POINTS_LEDGER,INSERT earn wallet_ledger rows so sum deductible_balance = wallet (confirm live Mongo first)
65b1c02912e71882a727ec85,3d50e13c-a20a-4610-9e3b-e0d368739817,50,0,50,,0,50,0,0,0,0,50,0,0,0,0,0,0,NO_POINTS_LEDGER,INSERT earn wallet_ledger rows so sum deductible_balance = wallet (confirm live Mongo first)
65b1c32412e71882a72ae409,4201b34a-019d-49fe-b6f5-5d3c300a2e2d,50,0,50,,0,50,0,0,0,0,50,0,0,0,0,0,0,NO_POINTS_LEDGER,INSERT earn wallet_ledger rows so sum deductible_balance = wallet (confirm live Mongo first)
65b1c1fd12e71882a7296505,932b88ec-4e56-447f-9f81-9136a93c8520,50,0,50,,0,50,0,0,0,0,50,0,0,0,0,0,0,NO_POINTS_LEDGER,INSERT earn wallet_ledger rows so sum deductible_balance = wallet (confirm live Mongo first)
65b1c0c612e71882a72856c8,c4482a47-51c1-42b8-910d-707cf14ad3b1,50,0,50,,0,50,0,0,0,0,50,0,0,0,0,0,0,NO_POINTS_LEDGER,INSERT earn wallet_ledger rows so sum deductible_balance = wallet (confirm live Mongo first)
65b1c10712e71882a7288863,e244f0b8-ff81-49ad-8005-3d938c5c9ccc,50,0,50,,0,50,0,0,0,0,50,0,0,0,0,0,0,NO_POINTS_LEDGER,INSERT earn wallet_ledger rows so sum deductible_balance = wallet (confirm live Mongo first)
65b1c15b12e71882a728dda6,ff4f10c8-d9de-47d7-8f5b-081b5e8c782f,50,0,50,,0,50,0,0,0,0,50,0,0,0,0,0,0,NO_POINTS_LEDGER,INSERT earn wallet_ledger rows so sum deductible_balance = wallet (confirm live Mongo first)
66d669b0e1ab924c761d301b,1423d02b-0443-49a5-9870-aad360f78c79,278,230.00,48.00,1495,5751,-5473,0,0,1217,0,278,0,0,0.00,6738.00,6968,0,MIGRATED_LOTS_UNDER_STG_OPEN,UPDATE earn deductible_balance from live Mongo GIVEN.balance per mongo_id
65413f8bd6b1732a1ec62910,2d8a6fd7-32ee-47c9-8a2d-2b2b672a9c7e,416,459.00,-43.00,66,945,-529,350,0,0,4,416,0,0,6.00,1404.00,1507,350.00,WALLET_UNDER_LEDGER,UPDATE user_wallet to ledger_net
65413f51d6b1732a1ec5f601,2a301e35-7fcd-4023-a36e-df3b57b5c563,4564,4607.00,-43.00,3101,4772,-208,1463,0,0,14,4564,0,0,37.00,2702.00,5809,1463.00,WALLET_UNDER_LEDGER,UPDATE user_wallet to ledger_net
66ac500e1cee7e255d491885,94e8def6-2b61-4229-afc5-bd2dc289280f,3625,3662.00,-37.00,3657,4145,-520,134,0,166,6,3625,0,0,0.00,649.00,4177,134.00,WALLET_UNDER_LEDGER,UPDATE user_wallet to ledger_net
65532d4ba5707806f44c1983,42a8eb41-f6ac-48af-99c0-2465f5d7d5c7,49,17.00,32.00,32,88,-39,17,0,0,1,49,0,0,0,71.00,71,17.00,MIGRATED_LOTS_UNDER_STG_OPEN,UPDATE earn deductible_balance from live Mongo GIVEN.balance per mongo_id
65536c55375eb91adad56a57,f97ac591-9387-462f-9a78-b2a4ed1f7ab7,498,466.00,32.00,327,1991,-1493,171,0,0,4,498,0,0,0.00,1525.00,1820,171.00,MIGRATED_LOTS_UNDER_STG_OPEN,UPDATE earn deductible_balance from live Mongo GIVEN.balance per mongo_id
68303e00d4294a954e1f5d42,692c20ac-b496-4d26-a695-39bf755e61f2,15839,15865.00,-26.00,15474,15839,0,365,0,0,2,15839,0,0,9.00,2983.00,18474,365.00,NATIVE_ACTIVITY_LOTS_HIGH,UPDATE earn deductible_balance from live Mongo GIVEN.balance per mongo_id
6556ee6383ce8659fd4b9a2f,027131cb-716d-4d66-ad20-bdc0044f2052,2113,2087.00,26.00,1878,7673,-5560,285,0,50,6,2113,0,0,0.00,5636.00,7438,285.00,MIGRATED_LOTS_UNDER_STG_OPEN,UPDATE earn deductible_balance from live Mongo GIVEN.balance per mongo_id
6a151548654c118a1ed3b445,d945a0eb-5a47-434b-882e-0f9b8f0fe3f0,1956,1981.00,-25.00,204,1956,0,1752,0,0,7,1956,0,0,0.00,1179.00,1204,1956.00,NATIVE_ACTIVITY_LOTS_HIGH,UPDATE earn deductible_balance from live Mongo GIVEN.balance per mongo_id
65413f4ad6b1732a1ec5efdd,6f264737-7583-48ab-ab51-28193e758805,1211,1188.00,23.00,975,2888,-1677,235,0,22,4,1188,0,0,0.00,1722.00,2675,235.00,MIGRATED_LOTS_UNDER_STG_OPEN,UPDATE earn deductible_balance from live Mongo GIVEN.balance per mongo_id
65413f80d6b1732a1ec61d79,c10027e0-b861-4173-9d6b-6ad41627aaa5,329,310.00,19.00,289,1370,-1041,47,0,7,3,329,0,0,0.00,1067.00,1330,47.00,MIGRATED_LOTS_UNDER_STG_OPEN,UPDATE earn deductible_balance from live Mongo GIVEN.balance per mongo_id
667ccc63d0a18ca2e8bbf91a,90eede70-c6fb-4277-bd3e-c0bd3fbbc3f4,777,794.00,-17.00,3138,2217,-1440,139,2500,0,6,777,0,0,149.00,4072.00,4578,139.00,WALLET_UNDER_LEDGER,UPDATE user_wallet to ledger_net
67a1cdf3a3e44df46372046d,fc12adec-2891-4b0d-aa04-238e9691a816,316,300.00,16.00,158,316,0,158,0,0,2,316,0,0,0.00,16.00,158,158.00,MIGRATED_LOTS_UNDER_STG_OPEN,UPDATE earn deductible_balance from live Mongo GIVEN.balance per mongo_id
6568533da4927a9361aedf69,b784671b-9957-46aa-8f8c-a25d5da2df44,551,536.00,15.00,1948,4595,-4044,0,0,1397,0,551,0,0,0.00,5456.00,5992,0,MIGRATED_LOTS_UNDER_STG_OPEN,UPDATE earn deductible_balance from live Mongo GIVEN.balance per mongo_id
65413f57d6b1732a1ec5fbcd,15fd0ace-9201-4d3b-9329-cec5c18cfee8,10658,10670.00,-12.00,8736,18312,-7654,1934,0,0,66,10670,0,0,0.00,7642.00,16378,1934.00,WALLET_UNDER_LEDGER,UPDATE user_wallet to ledger_net
665839237cb088a4d63dea7f,90829544-94b2-4a65-9636-f2ae982e2eea,3146,3155.00,-9.00,1543,4062,-916,1617,0,14,32,3146,0,0,0.00,921.00,2459,1617.00,WALLET_UNDER_LEDGER,UPDATE user_wallet to ledger_net
662df862ee82cdf5e3bb2d9e,92bebfd3-041c-4ef3-99d2-978bafd45937,6860,6855.00,5.00,9190,7395,-535,1037,0,3367,2,6860,0,0,0.00,3907.00,9725,1037.00,MIGRATED_LOTS_UNDER_STG_OPEN,UPDATE earn deductible_balance from live Mongo GIVEN.balance per mongo_id
65544f2be53fa9ae2a404290,f7560608-89bd-4735-969e-1586c0299814,8,7.00,1.00,7,1072,-1064,1,0,0,1,8,0,0,0.00,1065.00,1071,1.00,WALLET_UNDER_LEDGER,UPDATE user_wallet to ledger_net
67cea723cabb8eb04372b3f0,0271c3e6-0fe4-4910-bd9a-2c4bb8873040,138,137.00,1.00,137,476,-338,33,0,32,3,138,0,0,0.00,371.00,475,33.00,WALLET_UNDER_LEDGER,UPDATE user_wallet to ledger_net
