110401	ต.เทศบาลเมืองพระประแดง	Talat	10130	1104
110402	ต.ตลาด	Bang Phueng	10130	1104
110602	ต.ศรีษะจรเข้น้อย	Sisa Chorakhe Noi	10570	1106
110603	ต.ศรีษะจรเข้ใหญ่	Sisa Chorakhe Yai	10570	1106
140121	ต.บ้านรุม	Ban Run	13000	1401
140203	ต.ท่าหลวง	Tha Luang	18270	1402
140411	ต.บ้างกลึง	Ban Klueng	13190	1404
141108	ต.ข้าวงาม	Wang Chula	13170	1411
141109	ต.วังจุฬา	Khao Ngam	13170	1411
150410	ต.ยางซ้าย	Yang Chai	14120	1504
150601	ต.ไผ่จำศีล	Phai Chamsin	14110	1506
160105	ต.เขาพระงาม	Khao Phra Ngam	15160	1601
160107	ต.โคกกระเทียม	Khok Kathiam	15160	1601
160509	ต.ลาดสาลี	Lat Sali	15150	1605
190603	ต.สร้างโศก	Sang Sok	18130	1906
191105	ต.ลำสมพุง	Lam Somphung	30130	1911
191107	ต.ลำพญากลาง	Lam Phaya Klang	30130	1911
200109	ต.ดอนหัวฬอ	Don Hua Lo	20000	2001
200409	ต.เขตการปกคองพิเศษพัทยา	0	0	2004
200604	ต.บ้านเชิด	Ban Soet	20140	2006
210110	ต.กระเฉด	Kachet	21100	2101
221001	ต.ซากไทย	Chak Thai	22210	2210
230601	ต.เกาะหมาก	Ko Mak	23120	2306
240114	ต.บางกระไห	Bang Kahai	24000	2401
240409	ต.พิมพา	Phimpha	24180	2404
260403	ต.ศรีษะกระบือ	Sisa Krabue	26120	2604
310106	ต.สวายจึก	Sawai Chik	31000	3101
310610	ต.หนองตระครอง	Nong Takhrong	31170	3106
311006	ต.หนองกระทิง	Nong Kathing	31130	3110
320516	ต.กันตรวจระมวล	Kanta Wacharamuan	32140	3205
331405	ต.เสืองข้าว	Sueang Khao	33240	3314
342504	ต.นิคมลำโดมน้อย	Nikhom Lam Dom Noi	34350	3425
380103	ต.หนองเข็ง	0	38000	3801
400712	ต.กุดน้ำใส	Kut Nam Sai	40310	4007
410111	ต.นาข่า	0	41000	4101
430111	ต.สองห้อง	Phon Sawang	43100	4301
441106	ต.ขามเรียน	Kham Rian	44210	4411
451014	ต.ศรีวิสัย	Si Wilai	45120	4510
460708	ต.หนองอีเฒ่า	Nong I Thao	46120	4607
461603	ต.โนนนาจาง	Non Na Chan	46160	4616
461703	ต.พยุง	Dong Phayung	46000	4617
461803	ต.โนนศิลา	Khok Sa-At	46130	4618
461804	ต.ลำชี	Non Sila Loeng	46130	4618
461805	ต.โคกสะอาด	Lam Chi	46130	4618
481202	ต.ยอดชาด	Khok Si	48130	4812
481203	ต.โคกสี	Yot Chat	48130	4812
500109	ต.สุเทพ	0	50100	5001
502502	ต.แม่แดด	แม่แดด	58130	5025
520205	ต.สบป้าน	Sop Pat	52220	5202
520904	ต.พระบาทวังตวง	Phrabat Wang Tuang	52230	5209
530302	ต.หาดล้า	Hat La	53190	5303
530405	ต.น้ำไฝ	Nam Phai	53110	5304
540103	ต.นาชำ	Nam Cham	54000	5401
540113	ต.วังหงษ์	Wang Hong	54000	5401
550107	ต.นาชาว	Na Sao	55000	5501
550116	ต.สวก	Suak	55000	5501
550510	ต.เจดียชัย	Chedi Chai	55120	5505
551003	ต.เมืองลี่	Mueang Li	55180	5510
551502	ต.ขุนน่าน	Khun Nan	55220	5515
560108	ต.แม่ปีม	Mae Puem	56000	5601
570412	ต.ศรีดอนไชย	Si Don Chai	57230	5704
570413	ต.หนองแรด	Nong Raet	57230	5704
600113	ต.วัดไทรย์	Wat Sai	60000	6001
601303	ต.แม่เลย์	Mae Le	60150	6013
630206	ต.ทุ่งกระเซาะ	Thung Kracho	63120	6302
660104	ต.ท่าฬอ	Tha Lo	66000	6601
710604	ต.ท่าล้อ	Tha Lo	71000	7106
720712	ต.ทุ่งคอก	Thung Khok	72110	7207
720713	ต.หนองบ่อ	Nong Bo	72190	7207
720903	ต.จรเข้สามพัน	Chorakhe Sam Phan	71170	7209
730120	ต.สระกระเทียม	Sa Kathiam	73000	7301
730206	ต.สระสี่มุม	Sa Si Mum	73180	7302
730312	ต.ศีรษะทอง	Sisa Thong	73120	7303
760102	ต.คลองกระแซง	Khlong Krachaeng	76000	7601
800407	ต.นากะชะ	Na Kacha	80260	8004
801216	ต.ท่าพญา	Tha Phaya	80140	8012
801406	ต.สีขีด	Si Khit	80120	8014
830105	ต.รัษฎา	0	83000	8301
840902	ต.พะแสง	Phasaeng	84230	8409
860113	ต.ขุนกระทิง	Khun Krathing	86190	8601
900505	ต.ท่าม่วง	Tha Muang	90150	9005
900703	ต.ตาเครียะ	Takhria	90140	9007
901604	ต.คลองหลา	Khlong La	90110	9016
910303	ต.อุไดเจริญ	Udai Charoen	91130	9103
920106	ต.นาบินหลา	Na Bin La	92170	9201
920221	ต.เกาะลูกไม้	0		9202
920222	ต.เกาะนก	0		9202
920305	ต.โพรงจรเข้	Phrong Chorakhe	92140	9203
920414	ต.เกาะค้างคาว	0	0	9204
940404	ต.ดอน	Don	94190	9404
940504	ต.กระหวะ	Krawa	94190	9405
940701	ต.ตะลุปัน	Talu Ban	94110	9407
940804	ต.คอนทราย	Don Sai	94220	9408
960507	ต.กาลิชา	Kalisa	96130	9605
961001	ต.สุไหงโกลก	Su-Ngai Ko-Lok	96120	9610
961002	ต.ป่าเสมัส	Pa Semat	96120	9610
D3801	อ.บึงกาฬ	Bueng Kan
D4906	อ.ว่านใหญ่	Wan Yai
D6008	อ.ท่าตะโก	Tha Tako
D6011	อ.ลาดยาว	Lat Yao
D7107	อ.ทองผาภูมิ	Thong Pha Phum
D9310	อ.ป่าพยอม	Pa Phayom
D9508	อ.กรงปีนัง	Krong Pinang
