กลุ่มฟีเจอร์,"Tink Tanker (Small Growth Premium — 6,000 บาท/เดือน)","OCC (Corporate Package — มอบให้ฟรี)"
ราคาและบริบท,"6,000 บาท/เดือน สำหรับแพ็ก Growth Premium ขนาดเล็ก (ฟีเจอร์จำกัด + Self-Serve)
• แพ็กพื้นฐานสำหรับเริ่มใช้งาน Loyalty CRM
• ฟีเจอร์และการสนับสนุนต่ำกว่าแพ็ก Corporate อย่างชัดเจน
• ดูรายละเอียดแต่ละกลุ่มฟีเจอร์ในตารางด้านล่าง","มอบ Corporate Package ให้ฟรี (ไม่คิดค่าใช้จ่ายเพิ่ม)
• ครอบคลุมฟีเจอร์ระดับ Growth Premium / Corporate ตามใบเสนอราคา
• รวมฟีเจอร์เสริมหลายรายการที่ปกติอยู่ในแพ็ก Corporate
• มอบให้เพื่อสนับสนุนการพิจารณาดีล OCC ในระดับ Portfolio ของแบรนด์"
"Rocket Loyalty CRM : ฟีเจอร์หลัก","แพ็ก Growth Premium ขนาดเล็ก (Minimal):
• ระบบเก็บข้อมูลสมาชิก (จำกัดตามเงื่อนไขแพ็ก)
• ระบบจัดการแอดมิน (จำกัด)
• ระบบ Member Tier (จำกัด)
• ระบบแลกของรางวัล (พื้นฐาน)
• ระบบจัดการของรางวัล (พื้นฐาน)
• ดูประวัติการแลกของรางวัล
• ฟอร์มสมัครสมาชิกพื้นฐาน
• ระบบยินยอม PDPA
• ไม่รวม: แคมเปญคูปองไม่จำกัด, Segment ไม่จำกัด, Traffic Source, Welcome Points, SMS 2,000 เครดิต/เดือน","แพ็ก Corporate / Growth Premium เต็มรูปแบบ:
• ระบบเก็บข้อมูลสมาชิก สูงสุด 50,000 คน
• ระบบจัดการแอดมิน ไม่จำกัด
• ระบบ Member Tier ไม่จำกัด
• ระบบแลกของรางวัล ไม่จำกัด
• ระบบแลกสิทธิพิเศษ ไม่จำกัด
• ระบบแคมเปญคูปอง ไม่จำกัด
• ดูประวัติการแลกของรางวัล
• ระบบจัดการของรางวัล
• ระบบแบ่งกลุ่มสมาชิก (Segment) ไม่จำกัด
• ฟอร์มสมัครสมาชิกแบบกำหนดเอง
• ติดตามแหล่งที่มาของสมาชิก (Traffic Source)
• ระบบยินยอม PDPA
• แต้มต้อนรับเมื่อสมัครสมาชิก (Welcome Points)
• SMS 2,000 เครดิต/เดือน (เครดิตเพิ่ม 0.35 บาท/ข้อความ)"
ช่องทางสะสมแต้ม (Earn Channels),"จำกัด — มีช่องทางเดียว:
• Admin Manual เท่านั้น (แอดมินบันทึก/มอบแต้มด้วยตนเอง)
• ไม่รวม: สแกน QR Code
• ไม่รวม: กรอกเบอร์โทรศัพท์
• ไม่รวม: อัปโหลดใบเสร็จ
• ไม่รวม: เคลมแต้มจาก Marketplace
• ไม่รวม: POS / API / E-commerce Auto-sync","ครบตามแพ็ก Corporate:
• สแกน QR Code
• กรอกเบอร์โทรศัพท์
• Admin Manual
• อัปโหลดใบเสร็จ (ใช้งานแล้ว)
• เคลมแต้มจาก Marketplace (ใช้งานแล้ว)
• รองรับช่องทางซื้ออื่น ๆ ตามการเชื่อมต่อ (POS, E-commerce ฯลฯ)"
"แคมเปญเสริม (Survey & Invite Friend)",ไม่รวม,"รวมใน Corporate Package:
• ระบบ Survey (แบบสอบถาม) — ฟรี
• ระบบ Invite Friend (ชวนเพื่อน) — ฟรี"
Line OA Web App,"พื้นฐาน (จำกัด):
• ระบบสมัครสมาชิกผ่าน Line OA
• การตั้งค่า Homepage แบบพื้นฐาน
• ปรับเปลี่ยน Logo / Banner / Theme จำกัด
• ไม่รวม Design Rich Menu","ครบตาม Corporate Package:
• ระบบสมัครสมาชิกผ่าน Line OA
• การตั้งค่า Homepage
• ปรับเปลี่ยน Logo Brand, Banner, Theme
• Design Rich Menu 2 ครั้ง/สัญญา
(หมายเหตุ: ไม่รวมบริการออกแบบ UI ระบบสมาชิก)"
แคมเปญโปรโมชัน (Campaign Add-on),ไม่รวม,"มอบให้ฟรี — 3 แคมเปญ ไม่จำกัดจำนวนสมาชิกที่เข้าร่วม:
• Lucky Draw (จับรางวัล / Mass Lucky Draw) — ยังไม่ได้ใช้
• Top Spender (Leaderboard / ยอดใช้จ่ายสูงสุด) — ยังไม่ได้ใช้
• Event (แคมเปญออฟไลน์/อีเวนต์) — ยังไม่ได้ใช้
• Mission (ภารกิจ / เป้าหมายสะสม) — ยังไม่ได้ใช้"
การแสดงผล Web App ขั้นสูง (Advanced Web App Display),ไม่รวม (ใช้ Homepage แบบพื้นฐานเท่านั้น),"มอบให้ฟรี:
• ปรับแต่งหน้า Homepage แบบ Block Layout ขั้นสูง (Banner Hero, Navigation Grid, Featured Rewards, Quick Actions, Announcement, Tier Progress ฯลฯ)
• กำหนดการแสดงผลตาม Persona ของสมาชิก
• รองรับหลายภาษา (ไทย/อังกฤษ/ญี่ปุ่น/จีน)
• จัดเรียงและเปิด/ปิด Block แต่ละส่วนบนหน้า Homepage ได้อย่างอิสระ"
อัปโหลดใบเสร็จ (Upload Receipt),ไม่รวม,"มอบให้ฟรี — ใช้งานแล้ว:
• สมาชิกอัปโหลดรูปใบเสร็จผ่าน Loyalty App
• แอดมินตรวจสอบและอนุมัติใบเสร็จ จากนั้นระบบสร้างรายการซื้อและมอบแต้มอัตโนมัติ
• รองรับการระบุรายการสินค้า (SKU) เพื่อคำนวณแต้มตามกฎ Earn Factor
• สมาชิกติดตามสถานะใบเสร็จ (รอตรวจสอบ / อนุมัติ / ปฏิเสธ) ได้ในแอป"
เคลมแต้มจาก Marketplace (Claim Point from Marketplace),ไม่รวม,"มอบให้ฟรี — ใช้งานแล้ว:
• เชื่อมต่อร้านค้า Marketplace (Shopee, Lazada, TikTok Shop)
• ซิงค์ออเดอร์อัตโนมัติเมื่อถึงสถานะที่กำหนด (Claim-from Status)
• จับคู่ผู้ซื้อกับสมาชิก CRM และมอบแต้มโดยไม่ต้องอัปโหลดใบเสร็จ
• แอดมินค้นหาและตรวจสอบสถานะการเคลมออเดอร์ได้ใน Marketplace Settings"
บริการลูกค้า (Customer Support),"Self-Serve (บริการตนเอง):
• เอกสารคู่มือและ Knowledge Base ออนไลน์
• ฝ่ายสนับสนุนผ่านช่องทางมาตรฐาน (อีเมล/แชท) ในเวลาทำการ
• ไม่รวมการติดตั้งระบบ Onsite
• ไม่รวมการอบรม Onsite / Online ไม่จำกัด
• ไม่รวมผู้จัดการบัญชีส่วนตัว / Martech Expert ประจำบัญชี
• ไม่รวม Contact Center Support","ครบตาม Corporate Package (มอบให้ฟรี):
• บริการติดตั้งระบบ
• บริการสอนการใช้งาน Onsite 1 ครั้ง/สัญญา (กทม.และปริมณฑล)
• บริการสอนการใช้งาน Online ไม่จำกัด
• บริการดูแลให้คำปรึกษาหลังการขาย 09:00–18:00 น.
• ผู้จัดการบัญชีส่วนตัว
• ผู้เชี่ยวชาญ Martech ประจำบัญชี
• Contact Center Support"
