Category,Question
Scope,"Is connecting AI to voice/phone a requirement, or chat only (LINE, Facebook) for now?"
Scope,"If voice is in: should AI handle calls, humans take them in our inbox, or both?"
Telephony,"What is the main hospital number today, and who controls it?"
Telephony,"Can that number be set up as a virtual/portable number so calls can be redirected to us?"
Telephony,"If not portable: can you forward calls from your current phone system to an external platform?"
Telephony,"How is your IVR set up today — what are the main menu paths?"
Telephony,"Can only some IVR paths (or a % of calls) be forwarded to us, while others stay with you?"
Telephony,"Which call types must stay on your side and never come to us?"
Telephony,"Which direction do you prefer: full number redirect, select IVR paths only, or a % split?"
AI actions,"Besides answering questions, what should AI do — book, reschedule, cancel, payments, other?"
AI actions,"For each action: which system must we integrate with, and is that system open for API integration?"
AI actions,"Any actions that must stay human-only?"
Volume,"Rough monthly volume by case type: promotions, general questions, clinic/doctor queries, new bookings, reschedule/cancel, billing/insurance, complaints, other?"
Operations,"When must a case escalate to a nurse, doctor, or on-site staff?"
Operations,"Languages required for AI and agents?"
Compliance,"Any hard rules on patient data in chat, call recordings, or AI logs we must follow?"
Direction,"Preferred rollout order: chat first, then voice — or both together?"
